,compound_id,smiles,pLC50,MolLogP,LabuteASA,ExactMolWt,MolWt,HeavyAtomMolWt,MolMR,Chi0v,Chi0,HeavyAtomCount,toxicity_category
0,Compound 1,CCOC(C)=O,2.583,0.5694,37.10914470057002,88.052429496,88.106,80.04199999999999,22.30699999999999,4.023603362114274,4.99156383156272,6,Practically non-toxic
1,Compound 2,NC(=O)c1ccccc1,2.263,0.7855000000000001,53.29775803095004,121.052763844,121.13899999999995,114.08299999999996,34.95990000000001,4.872349905601618,6.69023444431199,9,Practically non-toxic
2,Compound 3,CCCCC(=O)CCCC,3.662,2.935900000000001,63.82031004304619,142.135765196,142.24200000000002,124.09799999999996,44.057000000000016,7.150888977583149,7.819990956308912,10,Slightly toxic
3,Compound 4,CCOc1ccc(C=O)cc1,3.728,1.8978,65.80129679223742,150.06807956,150.177,140.09699999999998,42.99850000000002,6.410354708062403,8.104448006685086,11,Slightly toxic
4,Compound 5,C#C[C@H](O)CCCCC,5.485,1.5608,57.08730497266109,126.104465068,126.199,112.08699999999996,38.98180000000001,5.9303412586254005,7.112884175122364,9,Highly toxic
5,Compound 6,Cc1c[nH]c2ccccc12,4.171,2.4763200000000003,59.68717018664308,131.073499288,131.178,122.10599999999998,43.03570000000001,5.88675134594813,6.974691494688164,10,Moderately toxic
6,Compound 7,CCCCN(C=O)CCCC,3.246,2.045,69.58014371324954,157.146664228,157.25699999999998,138.10499999999996,47.45300000000002,7.675452842272733,8.52709773749546,11,Slightly toxic
7,Compound 8,ClCCCl,2.863,1.464,35.71072559598951,97.969005488,98.96,94.928,21.44,3.682000400428458,3.414213562373095,4,Practically non-toxic
8,Compound 9,COC(=O)c1ccc(Cl)cc1[N+](=O)[O-],3.891,2.0348,84.39259662722229,214.998535352,215.592,209.544,49.44590000000001,7.94615098395197,10.71517847069432,14,Slightly toxic
9,Compound 10,NC(=O)c1cccc(Br)c1,3.334,1.548,67.16530563659141,198.963275912,200.035,193.987,42.65990000000001,6.758960648535925,7.560477932315068,10,Slightly toxic
10,Compound 11,Nc1ccc(Br)cn1,2.99,1.4263,55.85848940309755,171.96361026,173.01300000000003,167.97299999999998,36.3494,5.720575684382393,5.983127663125442,8,Practically non-toxic
11,Compound 12,C=CCNc1ccccc1,3.569,2.2845000000000004,61.386488614110576,133.089149352,133.19399999999996,122.10599999999998,45.12870000000002,5.878315177510851,7.234204518682008,10,Slightly toxic
12,Compound 13,CCCCCCCCCCc1ccc(N)cc1,6.575,4.952000000000004,106.4207149604758,233.214349864,233.399,206.183,77.16840000000005,11.25071237662706,12.347088693804372,17,Extremely toxic
13,Compound 14,CCCCOP(=O)(OCCCC)OCCCC,4.449,4.544600000000004,105.64386064918796,266.164695974,266.3179999999999,239.10199999999995,70.18650000000005,12.338594979034257,12.985281374238571,17,Moderately toxic
14,Compound 15,Cc1ccccc1O,3.889,1.70062,48.59057898608959,108.057514876,108.13999999999996,100.07599999999998,32.843799999999995,4.756614672258461,5.983127663125442,8,Slightly toxic
15,Compound 16,CC(C)[C@H](C)N,2.487,0.9895999999999998,39.53891018242869,87.10479941599999,87.166,74.06199999999998,28.487399999999987,4.732050807568877,5.154700538379252,6,Practically non-toxic
16,Compound 17,CCCCCCCCCCC(C)=O,5.194,4.106200000000004,82.91513638623601,184.182715388,184.323,160.13099999999997,57.90800000000005,9.272209321142793,9.941311299868556,13,Highly toxic
17,Compound 18,Cc1cc(C)c(C#N)c(O)n1,2.975,1.27572,64.93269087729801,148.063662876,148.165,140.10099999999997,40.09080000000002,6.4189910556895,8.430721420318147,11,Practically non-toxic
18,Compound 19,ClC(Cl)Cl,3.228,1.9864,39.64904970847457,117.914383072,119.378,118.37,21.347,3.979030526272671,3.5773502691896257,4,Slightly toxic
19,Compound 20,COc1ccc(C=O)c(OC)c1,3.917,1.5162999999999998,70.9148420217443,166.06299418,166.176,156.09599999999998,44.933500000000016,7.034145948150093,8.974691494688164,12,Slightly toxic
20,Compound 21,CCCSSCCC,4.759,3.187800000000002,60.21014373689272,150.053692448,150.31199999999998,136.2,45.498000000000026,7.277916867529369,6.242640687119286,8,Moderately toxic
21,Compound 22,CC(=O)c1ccc(Cl)c([N+](=O)[O-])c1,4.56,2.4508,79.27905139771542,199.003620732,199.593,193.545,48.11090000000001,7.537902693488107,10.008071689507773,13,Moderately toxic
22,Compound 23,CCOP(=S)(OCC)SCSc1ccc(Cl)cc1,6.161,5.420300000000004,127.0745328963102,341.973857062,342.875,326.74700000000007,87.30400000000003,14.396986820948198,13.432875131431278,18,Extremely toxic
23,Compound 24,ClC(Cl)C(Cl)(Cl)Cl,4.429,3.1603000000000003,66.62052427663453,199.852088432,202.295,201.287,35.784000000000006,6.746817364328034,6.077350269189626,7,Moderately toxic
24,Compound 25,N#CCCCCC#N,1.75,1.59396,49.34912096275002,108.068748256,108.144,100.07999999999998,29.69399999999999,4.7228543157461065,6.242640687119286,8,Practically non-toxic
25,Compound 26,COC(C)=O,2.317,0.1793,30.74420258617341,74.036779432,74.079,68.03099999999999,17.689999999999998,3.3164965809277263,4.284457050376173,5,Practically non-toxic
26,Compound 27,CCCCCCCCN,4.396,2.3056,58.63373652561853,129.151749608,129.247,110.09499999999996,42.43040000000001,6.527097737495458,6.949747468305834,9,Moderately toxic
27,Compound 28,C=C[C@](C)(O)CC/C=C(/C)CCC=C(C)C,5.192,4.396300000000004,100.57386528502528,222.198365452,222.372,196.164,72.47680000000005,11.214798309001573,12.604448006685086,16,Highly toxic
28,Compound 29,NC(=O)c1ccccc1N,2.537,0.3676999999999998,58.63764872796276,136.063662876,136.154,128.08999999999995,39.37230000000001,5.372349905601618,7.560477932315068,10,Practically non-toxic
29,Compound 30,CCCO,1.121,0.3887,26.263369008818778,60.057514876,60.096,52.032,17.3768,2.861427157873053,3.414213562373095,4,Practically non-toxic
30,Compound 31,CC(C)(O)CCc1ccccc1,3.393,2.3901000000000003,74.05034744367602,164.120115132,164.24799999999996,148.11999999999998,51.06080000000004,7.748178503821183,9.02709773749546,12,Slightly toxic
31,Compound 32,Cn1c(=O)c2c(ncn2C)n(C)c1=O,3.109,-1.029300000000001,79.02895701814933,194.08037556,194.194,184.114,51.19600000000001,8.182701232117184,10.455665446700475,14,Slightly toxic
32,Compound 33,Brc1ccsc1,4.421,2.5106,48.93931399554982,161.913883196,163.03900000000002,160.015,32.019,5.420756691084398,4.405777393935816,6,Moderately toxic
33,Compound 34,CCC1(CCC(C)C)C(=O)NC(=O)NC1=O,3.423,1.1849999999999998,94.9671316856138,226.131742436,226.276,208.13199999999995,58.47740000000003,9.923415484140858,12.344934982691242,16,Slightly toxic
34,Compound 35,Clc1cccc(Cl)c1,4.263,2.9934000000000003,58.03793557326031,145.969005488,147.00400000000002,142.97199999999998,36.46200000000001,5.577187914813867,5.983127663125442,8,Moderately toxic
35,Compound 36,C=C[C@H](O)CCC,3.518,1.3334,44.66859231982434,100.088815004,100.161,88.06499999999998,31.111799999999985,4.723234477438853,5.698670612749268,7,Slightly toxic
36,Compound 37,O=C(c1ccccc1)c1ccncc1,3.25,2.3126,82.23460952094787,183.068413908,183.21,174.13799999999998,54.11150000000002,7.551614308670455,9.803118619434356,14,Slightly toxic
37,Compound 38,Oc1ccc(Oc2ccc(O)cc2)cc1,4.544,2.8901000000000003,87.1905100594599,202.06299418,202.209,192.129,56.28760000000003,7.921477634980787,10.673362107437434,15,Moderately toxic
38,Compound 39,Oc1c(Br)cc(Br)cc1Br,4.703,3.6797,83.82827968861704,327.77340101600004,330.801,327.777,51.20680000000001,9.493797170251003,7.723614639131599,10,Moderately toxic
39,Compound 40,CCC1(c2ccccc2)C(=O)NC(=O)NC1=O,2.681,0.7003999999999997,98.1995153196948,232.084792244,232.239,220.143,60.09240000000002,9.318602998526268,12.466255326250886,17,Practically non-toxic
40,Compound 41,Clc1ccc(Cl)c(Cl)c1,4.783,3.6468000000000007,68.34120180014197,179.930033136,181.449,178.425,41.47200000000001,6.633731064651922,6.8533711511285205,9,Moderately toxic
41,Compound 42,C#CCCO,3.288,0.002,31.627536515074656,70.041864812,70.091,64.04299999999999,20.535799999999995,2.9387774270626785,4.121320343559642,5,Slightly toxic
42,Compound 43,C[C@@H](O)CN,1.474,-0.6741000000000001,31.60325970583149,75.068413908,75.11099999999999,66.039,20.7352,3.309020915065757,4.284457050376173,5,Practically non-toxic
43,Compound 44,O=CN(c1ccccc1)c1ccccc1,3.812,2.9811000000000014,88.77479521020474,197.084063972,197.237,186.149,61.08700000000004,8.206314847049706,10.510225400620904,15,Slightly toxic
44,Compound 45,Clc1cc(Cl)c(Cl)c(Cl)c1Cl,6.0,4.9536,88.94773425390534,247.852088432,250.33900000000003,249.331,51.49200000000001,8.746817364328034,8.593858127134677,11,Extremely toxic
45,Compound 46,Oc1c(I)cc(I)cc1I,5.591,3.2060000000000004,100.01115123482388,471.7318087160001,471.801,468.777,66.2578,11.208302426435855,7.723614639131599,10,Highly toxic
46,Compound 47,CNC(=O)Oc1ccc(C(C)(C)C)cc1,4.317,2.702300000000001,90.44598531903527,207.125928784,207.273,190.137,60.22570000000004,9.625897657686233,11.474691494688164,15,Moderately toxic
47,Compound 48,CNC(=O)Oc1ccccc1OC(C)C,4.376,2.192,89.19458843414556,209.10519334,209.245,194.125,57.28970000000004,9.11149621733972,11.259148545064338,15,Moderately toxic
48,Compound 49,C=C(C)C(=O)OC(C)C,3.528,1.5141,55.51436801157557,128.083729624,128.171,116.07499999999996,36.042,6.1009536313039,7.439157588755425,9,Slightly toxic
49,Compound 50,CC(C)=C[C@H]1[C@@H](C(=O)OCc2coc(Cc3ccccc3)c2)C1(C)C,7.751,5.1520000000000055,149.2417651062343,338.188194692,338.44700000000006,312.23900000000003,97.94400000000007,15.412461125660943,18.026733258565955,25,Extremely toxic
50,Compound 51,COc1cccc(O)c1,3.225,1.4007999999999998,53.70412421559645,124.052429496,124.13899999999998,116.07499999999996,34.6588,5.164862962722324,6.690234444311989,9,Slightly toxic
51,Compound 52,O=[N+]([O-])c1ccc([N+](=O)[O-])c(O)c1,4.74,1.2086000000000003,71.53158831669258,184.012021228,184.107,180.075,41.41560000000001,6.206684755924204,10.008071689507773,13,Moderately toxic
52,Compound 53,O=[N+]([O-])c1ncccc1O,2.924,0.6954,56.098260575139285,140.022191988,140.098,136.066,32.5562,4.890188174996477,7.560477932315068,10,Practically non-toxic
53,Compound 54,O[C@H]1CCCC[C@@H]1c1ccccc1,3.599,2.7051000000000007,79.40945840454341,176.120115132,176.259,160.13099999999997,53.65780000000005,7.81709260457353,9.096011838247808,13,Slightly toxic
54,Compound 55,O=Cc1cccc(Oc2ccc(Cl)c(Cl)c2)c1,5.95,4.598200000000002,108.7350392232716,265.990134856,267.111,259.0469999999999,68.36550000000003,10.2030855725001,12.25071237662706,17,Highly toxic
55,Compound 56,COC(=O)c1ccc([N+](=O)[O-])cc1,3.881,1.3814,74.08933040034063,181.037507704,181.147,174.09099999999998,44.43590000000002,6.889607834113915,9.844934982691242,13,Slightly toxic
56,Compound 57,CCCCCCO,3.02,1.559,45.35819535200859,102.104465068,102.177,88.06499999999998,31.22779999999998,4.982747501432695,5.535533905932738,7,Slightly toxic
57,Compound 58,C#C[C@](C)(O)c1ccccc1,3.112,1.5273,66.68463072113867,146.07316494,146.18899999999996,136.10899999999998,44.84580000000003,6.411315210637714,8.319990956308914,11,Slightly toxic
58,Compound 59,CC1(C)[C@@H](C=C(Cl)Cl)[C@@H]1C(=O)OCc1cccc(Oc2ccccc2)c1,7.388,6.113300000000004,163.07268718223784,390.07894986,391.2940000000001,371.1340000000002,103.30400000000002,16.12784172090901,18.733840039752497,26,Extremely toxic
59,Compound 60,CC#N,1.398,0.52988,19.496772823694872,41.026549096,41.053,38.029,11.287,1.9472135954999577,2.7071067811865475,3,Practically non-toxic
60,Compound 61,COc1cccc(C=O)c1O,5.2811,1.2133,64.23058843003683,152.047344116,152.14899999999997,144.08499999999998,40.046300000000016,6.073111253186188,8.267584713501616,11,Highly toxic
61,Compound 62,CC[C@H](C)n1c(=O)[nH]c(C)c(Br)c1=O,3.148,1.57852,90.09597294569724,260.016039756,261.119,248.015,58.76170000000002,10.012128238927788,10.878315177510853,14,Slightly toxic
62,Compound 63,NC(=O)c1ccccc1O,3.133,0.4911,58.09199178314606,137.047678464,137.13799999999998,130.08199999999997,36.62470000000002,5.242213231911951,7.560477932315068,10,Slightly toxic
63,Compound 64,NCc1ccccc1,3.021,1.1453,49.13623593090629,107.073499288,107.15599999999996,98.08399999999996,34.333400000000005,4.671208396324302,5.819990956308912,8,Slightly toxic
64,Compound 65,C=C(C)C(=O)OC[C@H]1CCCO1,3.691,1.2847000000000002,72.35196631634643,170.094294308,170.20799999999997,156.09599999999998,44.74700000000002,7.337629046513953,8.974691494688164,12,Slightly toxic
65,Compound 66,Cc1ccccc1F,3.754,2.13412,47.96188063681981,110.053178444,110.13099999999996,103.07499999999996,31.13699999999999,4.687365549767731,5.983127663125442,8,Slightly toxic
66,Compound 67,c1ccc2ccccc2c1,4.32,2.8398000000000003,60.11306765123216,128.062600256,128.17399999999998,120.10999999999996,43.94800000000002,5.618802153517007,6.811554787871633,10,Moderately toxic
67,Compound 68,CC(C)(C)c1ccc(Oc2cccc(C=O)c2)cc1,5.837,4.588900000000004,113.58827522709473,254.130679816,254.329,236.185,77.04550000000005,11.512649003634362,13.880468888623984,19,Highly toxic
68,Compound 69,CCCCCC=O,3.758,1.7656,44.72548369985636,100.088815004,100.161,88.06499999999998,30.20599999999998,4.814025684399679,5.535533905932738,7,Slightly toxic
69,Compound 70,Cc1cccnc1,2.81,1.39002,43.01599321484008,93.057849224,93.129,86.07299999999998,28.97399999999999,4.256614672258461,5.112884175122364,7,Practically non-toxic
70,Compound 71,CCC#N,1.559,0.91998,25.86171493809148,55.04219916,55.08,50.03999999999999,15.904000000000002,2.6543203766865053,3.414213562373095,4,Practically non-toxic
71,Compound 72,CCCOC(C)=O,3.231,0.9595,43.47408681496662,102.06807956,102.133,92.05299999999998,26.923999999999985,4.730710143300821,5.698670612749268,7,Slightly toxic
72,Compound 73,BrC[C@@H]1CCCCO1,2.941,1.9504,58.5392232814316,177.999327072,179.05699999999996,167.96899999999997,37.385000000000005,6.485093477710159,5.819990956308912,8,Practically non-toxic
73,Compound 74,CCCCOc1ccccc1,4.416,2.8655000000000017,68.00471680659027,150.104465068,150.22099999999998,136.10899999999998,46.84500000000003,6.916319979971634,7.941311299868555,11,Moderately toxic
74,Compound 75,Cc1cccc(C)c1,3.821,2.30344,50.16128734829018,106.07825032,106.168,96.08799999999998,35.916,5.309401076758503,5.983127663125442,8,Slightly toxic
75,Compound 76,CCOP(=S)(OCC)Oc1nc(Cl)c(Cl)cc1Cl,6.042,4.718100000000002,125.74118203040852,348.926283882,350.591,339.50300000000004,77.43200000000002,13.63158821342878,13.759148545064338,18,Extremely toxic
76,Compound 77,ClCC(Cl)Cl,3.213,2.0289,46.013991822871176,131.930033136,133.405,130.381,26.213999999999995,4.6861373074592185,4.284457050376173,5,Slightly toxic
77,Compound 78,COC(=O)c1ccc(C(=O)OC)c(N)c1,4.37,0.8420000000000001,86.78119693319739,209.068807832,209.201,198.113,53.533400000000015,8.442394238613955,11.422285251880869,15,Moderately toxic
78,Compound 79,Nc1ccccc1,2.948,1.2688,42.77129381650968,93.057849224,93.129,86.07299999999998,30.8544,3.9641016151377535,5.112884175122364,7,Practically non-toxic
79,Compound 80,O=[N+]([O-])c1ccc(O)cc1,3.492,1.3003999999999998,56.87861259419277,139.02694302,139.11,134.07,34.76120000000001,5.020324848686146,7.560477932315068,10,Slightly toxic
80,Compound 81,CC1(C)OC[C@@H](CO)O1,0.898,0.1301999999999998,54.57945465749312,132.078644244,132.159,120.063,31.989799999999985,5.755274007990405,6.905777393935816,9,Practically non-toxic
81,Compound 82,CCO,0.496,-0.0014,19.89842689442217,46.041864812,46.069,40.021,12.759800000000002,2.1543203766865053,2.7071067811865475,3,Practically non-toxic
82,Compound 83,Cc1ccc(C)cc1,4.078,2.30344,50.16128734829018,106.07825032,106.168,96.08799999999998,35.916,5.309401076758503,5.983127663125442,8,Moderately toxic
83,Compound 84,N#Cc1ccccn1,2.5884,0.95328,47.40857289630879,104.037448128,104.11199999999997,100.07999999999998,28.952,4.203828267758419,5.819990956308912,8,Practically non-toxic
84,Compound 85,NC(=O)C(Cl)Cl,2.725,0.2754,45.21213839304599,126.959169076,127.958,124.934,24.6884,4.3307356668984776,5.154700538379252,6,Practically non-toxic
85,Compound 86,CC1(C)O[C@]2(C)CC[C@H]1CC2,3.18,2.7441000000000013,69.12561297984745,154.135765196,154.253,136.10899999999998,45.527000000000015,7.814025684399679,8.112884175122364,11,Slightly toxic
86,Compound 87,CCCCCC[C@H]1CCC(=O)O1,3.976,2.6624000000000008,74.29296623342044,170.130679816,170.25199999999998,152.10799999999998,47.87300000000003,7.843594318423186,8.811554787871634,12,Slightly toxic
87,Compound 88,O=[N+]([O-])c1c(Cl)cc(Cl)c([N+](=O)[O-])c1Cl,6.087,3.4632000000000005,97.64715324514157,269.90018955200003,271.443,270.435,54.780800000000006,9.006450879128039,11.74855866551393,15,Extremely toxic
88,Compound 89,CC(C)N(CCO)C(C)C,2.859,1.0975,63.84791325100517,145.146664228,145.24599999999995,126.09399999999998,44.063800000000015,7.463341291752263,8.146264369941973,10,Practically non-toxic
89,Compound 90,O=[N+]([O-])c1ccc(Oc2ccccc2)cc1,4.91,3.387100000000002,92.25501827756769,215.058243148,215.208,206.136,59.612400000000015,8.368110889598182,11.380468888623982,16,Moderately toxic
90,Compound 91,Nc1c(Cl)c(Cl)cc(Cl)c1Cl,5.932,3.8824,83.98435872403637,228.901959816,230.909,227.885,50.894400000000005,8.190274214489978,8.593858127134677,11,Highly toxic
91,Compound 92,Oc1cccc2ccccc12,4.493,2.5454,64.90730140342819,144.057514876,144.17299999999997,136.10899999999998,45.61280000000003,5.98866547982734,7.681798275874712,11,Moderately toxic
92,Compound 93,O=Cc1ccccc1,4.032,1.4991,47.95786733393734,106.041864812,106.12399999999997,100.07599999999998,31.829499999999992,4.3723499056016175,5.819990956308912,8,Moderately toxic
93,Compound 94,CC(C)O,0.842,0.3871,26.263369008818778,60.057514876,60.096,52.032,17.3548,3.024563864689584,3.5773502691896257,4,Practically non-toxic
94,Compound 95,Nc1ccc(F)cc1C(F)(F)F,3.782,2.4267000000000003,65.79837754261123,179.03581204,179.116,174.07599999999996,35.81440000000001,5.82125896879541,9.35337115112852,12,Slightly toxic
95,Compound 96,CCN(CC)c1ccccc1,3.959,2.532800000000001,68.65100524728676,149.12044948,149.23699999999997,134.11699999999996,50.00300000000004,7.248178503821181,8.104448006685086,11,Slightly toxic
96,Compound 97,N[C@]12C[C@H]3C[C@H](C[C@H](C3)C1)C2,3.782,1.9139,68.34612729382405,151.136099544,151.253,134.11699999999996,45.09040000000003,7.052041763877789,7.474691494688164,11,Slightly toxic
97,Compound 98,CCSCCSCC,3.397,2.4926000000000004,60.81018165054307,150.053692448,150.31199999999998,136.2,45.99800000000003,7.277916867529369,6.242640687119286,8,Slightly toxic
98,Compound 99,CC(C)(C)O,1.063,0.7772,32.62831112321538,74.07316494,74.12299999999999,64.04299999999999,21.971799999999995,3.947213595499958,4.5,5,Practically non-toxic
99,Compound 100,Nc1ccccc1Cl,4.347,1.9222,53.07456004339136,127.018876872,127.57399999999998,121.52599999999998,35.86440000000002,5.020644764975811,5.983127663125442,8,Moderately toxic
100,Compound 101,CCCN,2.283,0.3551000000000002,26.809025953635484,59.073499288,59.112,50.03999999999999,19.3454,2.9915638315627207,3.414213562373095,4,Practically non-toxic
101,Compound 102,O=P(c1ccccc1)(c1ccccc1)c1ccccc1,3.715,3.3260000000000014,118.83519143171844,278.08605173,278.291,263.17099999999994,85.83450000000005,11.910143114808127,13.838652525367095,20,Slightly toxic
102,Compound 103,O=Cc1cc(Br)cc(Br)c1O,5.518,2.7297,80.48719629741608,277.85780356799995,279.915,275.88300000000004,48.89430000000001,8.515434717780561,8.430721420318147,11,Highly toxic
103,Compound 104,CC(=O)c1ccc(Cl)cc1Cl,4.208,3.196000000000001,74.92934190209729,187.979570172,189.041,182.993,46.46650000000002,7.408085936088104,8.430721420318147,11,Moderately toxic
104,Compound 105,O=[N+]([O-])c1ccc(F)cc1,3.696,1.7338999999999998,56.249914244923,141.022606588,141.101,137.069,33.0544,4.951075726195415,7.560477932315068,10,Slightly toxic
105,Compound 106,CC#CCO,3.841,0.002,31.627536515074656,70.041864812,70.091,64.04299999999999,20.5358,3.1543203766865053,4.121320343559642,5,Slightly toxic
106,Compound 107,COc1cccc(C=O)c1O,4.801,1.2133,64.23058843003683,152.047344116,152.14899999999997,144.08499999999998,40.046300000000016,6.073111253186188,8.267584713501616,11,Moderately toxic
107,Compound 108,COc1cc(Cl)c(Cl)cc1O,4.635,2.7076000000000007,74.31065666935982,191.974484792,193.029,186.981,44.67880000000002,7.277949262398437,8.430721420318147,11,Moderately toxic
108,Compound 109,CCCCCC(=O)OCC,4.21,2.1298000000000004,62.56891315815645,144.115029752,144.214,128.08599999999998,40.775000000000006,6.852030486860464,7.819990956308912,10,Moderately toxic
109,Compound 110,Cc1cc(Cl)nc(N)n1,3.008,1.02062,57.87879811968099,143.025024872,143.57700000000003,137.529,36.1914,5.6830211484068505,6.8533711511285205,9,Slightly toxic
110,Compound 111,CCCC=O,3.69,0.9854,31.99559947106314,72.057514876,72.107,64.04299999999999,20.972,3.399812122026584,4.121320343559642,5,Slightly toxic
111,Compound 112,CCN1C(=O)CC(=O)N(CC)C1=S,1.647,0.3719999999999999,82.48950646277572,200.061948624,200.26299999999995,188.167,51.989000000000026,8.556988986878874,10.008071689507773,13,Practically non-toxic
112,Compound 113,CN(C)c1ccccn1,2.983,1.1476,55.14076899944005,122.08439832,122.171,112.09099999999998,38.56400000000001,5.70382826775842,6.69023444431199,9,Practically non-toxic
113,Compound 114,c1ccc2occc2c1,3.924,2.4328000000000003,52.90739691530901,118.041864812,118.13499999999996,112.08699999999996,36.214000000000006,4.872349905601618,6.104448006685086,9,Slightly toxic
114,Compound 115,ClCCN1CCCC1,2.941,1.321,55.6212303433684,133.065827064,133.622,121.52599999999998,36.394,5.823747701646925,5.819990956308912,8,Practically non-toxic
115,Compound 116,Nc1ccc([N+](=O)[O-])cc1[N+](=O)[O-],4.092,1.0852,72.07724526150929,183.02800564,183.123,178.08299999999997,44.1632,6.336821429613872,10.008071689507773,13,Moderately toxic
116,Compound 117,CCOC(CN(C)CC(OCC)OCC)OCC,2.618,1.7163999999999997,111.33257098881973,263.209658408,263.378,234.146,71.57700000000007,12.477547982853949,13.803118619434356,18,Practically non-toxic
117,Compound 118,Cc1cc(O)ccc1Cl,4.416,2.35402,58.89384521297126,142.018542524,142.585,135.529,37.85380000000001,5.8131578220965165,6.8533711511285205,9,Moderately toxic
118,Compound 119,N#Cc1cc(I)c(O)c(I)c1,4.737,2.4730799999999995,91.50683490964556,370.830409716,370.915,367.891,58.255800000000015,9.620053257750268,8.430721420318147,11,Moderately toxic
119,Compound 120,CCCCBr,3.572,2.1814,41.70162497666073,135.988762388,137.02,127.94799999999998,28.701999999999988,5.085281355683573,4.121320343559642,5,Slightly toxic
120,Compound 121,O=Cc1ccccc1F,4.964,1.6382,52.12340273686357,124.032443,124.11399999999998,119.07399999999996,31.78749999999999,4.672964109421219,6.69023444431199,9,Moderately toxic
121,Compound 122,CCO[P@@](=S)(Oc1ccc([N+](=O)[O-])cc1)c1ccccc1,6.613,3.645100000000002,127.39170558095353,323.038115558,323.31000000000006,309.1980000000001,85.71140000000001,13.049851619140057,15.294682450997078,21,Extremely toxic
122,Compound 123,Cc1cc(C)c(O)c(C)c1,4.02,2.3174600000000005,61.32046321488279,136.088815004,136.194,124.09799999999996,42.31780000000001,6.601914133879209,7.723614639131599,10,Moderately toxic
123,Compound 124,Nc1c(F)c(F)c(F)c(F)c1F,3.693,1.9643,63.59897083114085,183.010740164,183.079,181.063,30.644400000000008,5.467172634235761,9.464101615137755,12,Slightly toxic
124,Compound 125,C[C@H](Cl)CCl,2.951,1.8525,42.07566771038611,111.984655552,112.987,106.939,26.03499999999999,4.552243888431537,4.284457050376173,5,Practically non-toxic
125,Compound 126,O=Cc1ccccc1[N+](=O)[O-],4.021,1.4073,62.61084305643713,151.02694302,151.12099999999998,146.081,38.48390000000001,5.558709812839677,8.267584713501616,11,Moderately toxic
126,Compound 127,CCCCCOCCCCC,4.703,3.383400000000002,71.1372752869059,158.167065324,158.28499999999997,136.10899999999998,49.86900000000003,8.065102539956245,8.36396103067893,11,Moderately toxic
127,Compound 128,Cl[C@@H]1CCCC[C@H]1Cl,3.92,2.7752000000000008,60.16466290004672,152.01595568,153.05200000000002,142.97199999999998,37.75000000000001,6.250914501180805,5.983127663125442,8,Slightly toxic
128,Compound 129,CCOP(=S)(OCC)Oc1ccc([S@@](C)=O)cc1,3.854,3.1003000000000016,115.35093168678956,308.030587654,308.36100000000005,291.225,76.93940000000003,13.147738330270103,13.596011838247808,18,Slightly toxic
129,Compound 130,CCc1ccc(N)cc1,3.22,1.8312,55.501178045302886,121.089149352,121.183,110.09499999999996,40.23240000000002,5.593858127134677,6.69023444431199,9,Slightly toxic
130,Compound 131,Clc1ccccc1Cl,4.191,2.9934000000000003,58.03793557326031,145.969005488,147.00400000000002,142.97199999999998,36.46200000000001,5.577187914813867,5.983127663125442,8,Moderately toxic
131,Compound 132,CCCCCCCCBr,5.363,3.741800000000003,67.16139343424717,192.051362644,193.128,175.99199999999996,47.17000000000003,7.913708480429765,6.949747468305834,9,Highly toxic
132,Compound 133,CCCCC(C)=O,2.37,1.7656,44.72548369985636,100.088815004,100.161,88.06499999999998,30.20599999999998,5.029568634023505,5.698670612749268,7,Practically non-toxic
133,Compound 134,CCCCO,1.633,0.7787999999999999,32.62831112321538,74.07316494,74.123,64.04299999999999,21.9938,3.5685339390596003,4.121320343559642,5,Practically non-toxic
134,Compound 135,CC(C)C(O)C(C)C,2.854,1.6593,51.723137466405205,116.120115132,116.20399999999998,100.07599999999998,35.68279999999999,6.179264403068836,6.732050807568877,8,Practically non-toxic
135,Compound 136,ClCCl,2.41,1.4215,29.3457834815929,83.953355424,84.93299999999999,82.917,16.573,2.974893619241911,2.7071067811865475,3,Practically non-toxic
136,Compound 137,CC1(C)CCC(C)(C)O1,2.883,2.354,57.40155990458345,128.120115132,128.21499999999995,112.08699999999996,38.477,6.822461852836958,7.121320343559643,9,Practically non-toxic
137,Compound 138,C[C@@H](O)CCl,2.586,0.6060000000000001,36.566635235700446,94.018542524,94.541,87.485,22.4008,3.865564064903813,4.284457050376173,5,Practically non-toxic
138,Compound 139,C=C(C)C(=O)OCCOCC,3.757,1.1422,66.99285535547905,158.094294308,158.19699999999995,144.08499999999998,42.26600000000001,7.053171996137779,8.69023444431199,11,Slightly toxic
139,Compound 140,CC(C)(C)c1ccc(O)cc1,4.465,2.689700000000001,67.6854053292794,150.104465068,150.221,136.10899999999998,46.80680000000003,7.256614672258461,8.483127663125442,11,Moderately toxic
140,Compound 141,CC(=O)c1ccc(Cl)c(Cl)c1Cl,5.048,3.849400000000001,85.23260812897895,221.94059782,223.486,218.446,51.476500000000016,8.464629085926159,9.300964908321223,12,Highly toxic
141,Compound 142,CCC(C)(O)CC,2.182,1.5574,45.35819535200859,102.104465068,102.177,88.06499999999998,31.205799999999986,5.361427157873052,5.914213562373095,7,Practically non-toxic
142,Compound 143,ClC=C(Cl)Cl,3.474,2.5017000000000005,45.324388790686925,129.914383072,131.389,130.381,25.642,4.479030526272671,4.284457050376173,5,Slightly toxic
143,Compound 144,CCOCC,1.462,1.0428000000000002,32.94762260052625,74.07316494,74.12299999999999,64.04299999999999,22.166999999999994,3.822461852836958,4.121320343559642,5,Practically non-toxic
144,Compound 145,CCOC(=O)c1ccccc1O,3.914,1.5689,70.59553054443343,166.06299418,166.176,156.09599999999998,44.06330000000003,6.780218034372737,8.974691494688164,12,Slightly toxic
145,Compound 146,CN(C)C(=O)Nc1ccc(Cl)c(Cl)c1,4.215,3.0869000000000018,92.6039798703053,232.0170183,233.098,223.018,59.167700000000025,9.355299531588065,10.71517847069432,14,Moderately toxic
146,Compound 147,C1OCOCO1,1.18,-0.0776999999999999,35.80393979161418,90.03169405199999,90.078,84.02999999999999,17.855999999999998,3.346065214951232,4.242640687119286,6,Practically non-toxic
147,Compound 148,ClC(Cl)C(Cl)Cl,3.917,2.5938000000000008,56.31725804975285,165.891060784,167.85,165.834,30.988,5.690274214489978,5.154700538379252,6,Slightly toxic
148,Compound 149,CNc1ccc(F)cc1,3.513,1.8674,53.51174282042785,125.064077476,125.146,117.08199999999998,35.94670000000001,5.187365549767731,6.69023444431199,9,Slightly toxic
149,Compound 150,CC[C@@H](C)c1cc([N+](=O)[O-])cc([N+](=O)[O-])c1O,5.652,2.7221,96.991356774279,240.074621484,240.215,228.119,60.12160000000003,9.413791537110752,13.162772227887023,17,Highly toxic
150,Compound 151,O=Cc1ccc(Cl)cc1,4.804,2.1525,58.26113356081901,140.00289246,140.569,135.529,36.839500000000015,5.428893055439674,6.69023444431199,9,Moderately toxic
151,Compound 152,CCCCOC(=O)c1ccccc1C(=O)OCCCC,5.445,3.600400000000003,119.63095892256436,278.151809184,278.348,256.172,76.82300000000005,12.185034925733245,14.794682450997078,20,Highly toxic
152,Compound 153,Cc1ccc(C)c(C)c1,4.192,2.611860000000001,56.52622946268679,120.093900384,120.19499999999998,108.09899999999998,40.65300000000001,6.232050807568878,6.8533711511285205,9,Moderately toxic
153,Compound 154,CCCCCCCCCCO,4.818,3.119400000000001,70.81796380959504,158.167065324,158.285,136.10899999999998,49.69580000000003,7.811174626178886,8.36396103067893,11,Moderately toxic
154,Compound 155,CCCCOC(=O)c1ccc(C(=O)OCCCC)cc1,5.674,3.600400000000003,119.63095892256436,278.151809184,278.348,256.172,76.82300000000005,12.185034925733245,14.794682450997078,20,Highly toxic
155,Compound 156,CCCCCCOC(C)=O,4.516,2.1298000000000004,62.56891315815645,144.115029752,144.214,128.08599999999998,40.775000000000006,6.852030486860464,7.819990956308912,10,Moderately toxic
156,Compound 157,COc1ccc(O)cc1,3.053,1.4007999999999998,53.70412421559645,124.052429496,124.13899999999998,116.07499999999996,34.6588,5.164862962722324,6.69023444431199,9,Slightly toxic
157,Compound 158,C/C=C/C=C/C,3.614,2.1386000000000003,39.18475553544408,82.07825032,82.146,72.06599999999999,29.627999999999982,4.309401076758503,4.82842712474619,6,Slightly toxic
158,Compound 159,C=CCCCCCCC=C,5.678,3.6990000000000025,64.64452399303052,138.140850576,138.254,120.10999999999996,48.09600000000003,6.811554787871632,7.656854249492381,10,Highly toxic
159,Compound 160,CC/C=C\CCO,2.42,1.335,44.66859231982434,100.088815004,100.161,88.06499999999998,31.133799999999987,4.723234477438852,5.535533905932738,7,Practically non-toxic
160,Compound 161,Cc1ccc([N+](=O)[O-])cc1[N+](=O)[O-],3.876,1.81142,73.10229667889317,182.032756672,182.135,176.087,44.487800000000014,6.759471160424246,10.008071689507773,13,Slightly toxic
161,Compound 162,c1cc2c3c(cccc3c1)CC2,4.95,2.938400000000001,71.83712072649615,154.07825032,154.21199999999996,144.13199999999998,51.35600000000002,6.878315177510849,7.966255326250884,12,Moderately toxic
162,Compound 163,C#C[C@@H](C)O,3.777,0.0003999999999999,31.627536515074656,70.041864812,70.091,64.04299999999999,20.5138,3.1019141338792093,4.284457050376173,5,Slightly toxic
163,Compound 164,c1ccc(-c2cccc(-c3ccccc3)n2)cc1,6.042,4.415600000000003,106.76523951257154,231.104799416,231.298,218.194,75.10900000000002,9.952767094965097,12.208896013370174,18,Extremely toxic
164,Compound 165,Nc1ccc(O)c([N+](=O)[O-])c1,3.629,0.8826,62.21850329120549,154.037842052,154.12499999999997,148.07699999999997,39.17360000000001,5.520324848686146,8.430721420318147,11,Slightly toxic
165,Compound 166,O=[N+]([O-])c1ccc(O)c([N+](=O)[O-])c1,4.228,1.2086,71.53158831669259,184.012021228,184.107,180.07499999999996,41.41560000000001,6.206684755924204,10.008071689507773,13,Moderately toxic
166,Compound 167,CCCCCCCCC(C)=O,4.51,3.3260000000000023,70.18525215744279,156.15141526,156.269,136.10899999999998,48.67400000000003,7.857995758769697,8.52709773749546,11,Moderately toxic
167,Compound 168,C#C[C@](C)(O)CC,1.906,0.7806,44.35742074386786,98.07316494,98.145,88.06499999999998,29.747799999999987,4.731670645876131,5.914213562373095,7,Practically non-toxic
168,Compound 169,COc1ccc(C(C)=O)c(O)c1,3.379,1.6034,70.59553054443344,166.06299418,166.176,156.09599999999998,44.66330000000002,6.995760983996562,9.137828201504696,12,Slightly toxic
169,Compound 170,CCCCCO,2.272,1.1689,38.993253237612,88.088815004,88.15,76.05399999999999,26.610799999999987,4.275640720246148,4.82842712474619,6,Practically non-toxic
170,Compound 171,CN(C)c1ccccc1,3.19,1.7526,55.92112101849354,121.089149352,121.18299999999998,110.09499999999996,40.76900000000002,5.833964941448087,6.690234444311989,9,Slightly toxic
171,Compound 172,ClC(Cl)=C(Cl)C(Cl)=C(Cl)Cl,6.462,4.7574,88.2744686679409,257.81311608,260.76200000000006,260.76200000000006,49.17000000000001,8.803360514166089,8.309401076758503,10,Extremely toxic
172,Compound 173,C#C[C@H](O)CCCC,4.804,1.1707,50.72236285826448,112.088815004,112.172,100.07599999999998,34.364799999999995,5.223234477438853,6.405777393935816,8,Moderately toxic
173,Compound 174,c1ccccc1,3.502,1.6866,37.43140311949697,78.046950192,78.11399999999999,72.06599999999999,26.442,3.464101615137755,4.242640687119286,6,Slightly toxic
174,Compound 175,C=CC(=O)OCC(C)C,4.786,1.3716000000000002,55.514368011575584,128.083729624,128.17099999999996,116.07499999999996,35.99399999999999,5.885410681680073,7.276020881938894,9,Moderately toxic
175,Compound 176,N#Cc1cc(Cl)ccc1N,3.727,1.79388,63.832081839256674,152.01412584,152.584,147.54399999999998,40.57940000000001,5.890508091286143,7.560477932315068,10,Slightly toxic
176,Compound 177,Nc1ccc([N+](=O)[O-])cc1,3.043,1.1769999999999998,57.42426953900948,138.042927432,138.126,132.078,37.50880000000001,5.150461522375814,7.560477932315068,10,Slightly toxic
177,Compound 178,COC(=O)c1ccc(C#N)cc1,3.537,1.34488,70.19387647370614,161.047678464,161.16,154.10399999999998,42.49650000000002,6.573111253186188,8.974691494688164,12,Slightly toxic
178,Compound 179,N#Cc1ccccn1,2.04915,0.95328,47.40857289630879,104.037448128,104.11199999999997,100.07999999999998,28.952,4.203828267758419,5.819990956308912,8,Practically non-toxic
179,Compound 180,Cc1ccccn1,2.016,1.39002,43.01599321484008,93.057849224,93.129,86.07299999999998,28.97399999999999,4.256614672258461,5.112884175122364,7,Practically non-toxic
180,Compound 181,O=[N+]([O-])c1cccc(Cl)c1,3.924,2.2482000000000006,62.38764506887844,156.993056048,157.55599999999998,153.52399999999997,38.106400000000015,5.707004672213869,7.560477932315068,10,Slightly toxic
181,Compound 182,CNC(=O)Oc1cccc2ccccc12,4.362,2.558,87.66788139318408,201.078978592,201.225,190.137,59.03170000000003,8.35794846525511,10.673362107437434,15,Moderately toxic
182,Compound 183,ClCCCCCCl,3.746,2.6343000000000014,54.80555193917933,140.01595568,141.041,130.96099999999998,35.291000000000004,5.8033207439881,5.535533905932738,7,Slightly toxic
183,Compound 184,CCCSCCC,3.735,2.539600000000001,50.68707162517782,118.081621448,118.245,104.13299999999998,37.907,6.053171996137779,5.535533905932738,7,Slightly toxic
184,Compound 185,c1ccncc1,2.9,1.0816,36.65105110044347,79.04219916,79.10199999999999,74.06199999999998,24.23699999999999,3.333964941448087,4.242640687119286,6,Practically non-toxic
185,Compound 186,CCCCOC(=O)CCC(=O)OCCCC,4.713,2.4532000000000007,97.30374894529352,230.151809184,230.304,208.128,60.968000000000046,10.289847411347834,12.22576835024473,16,Moderately toxic
186,Compound 187,CCCC[C@@H](CC)CO,3.664,2.1951,58.08807958080182,130.135765196,130.231,112.08699999999996,40.3918,6.5600977706223205,7.112884175122364,9,Slightly toxic
187,Compound 188,CCCc1ccc(O)cc1,4.093,2.3447000000000005,61.3204632148828,136.088815004,136.19400000000002,124.09799999999996,42.10180000000002,6.170828234631556,7.397341225498538,10,Moderately toxic
188,Compound 189,Cc1ccc(N)cc1,2.827,1.57722,49.13623593090629,107.073499288,107.156,98.08399999999996,35.59140000000001,4.886751345948129,5.983127663125442,8,Practically non-toxic
189,Compound 190,c1cc(CCc2ccncc2)ccn1,3.086,2.2618,83.65767751624722,184.100048384,184.242,172.146,55.88200000000003,7.927442906890019,9.639981912617824,14,Slightly toxic
190,Compound 191,CCCCCCCCc1ccc(N)cc1,6.233,4.171800000000004,93.69083073168257,205.183049736,205.345,182.161,67.93440000000004,9.836498814253964,10.932875131431278,15,Extremely toxic
191,Compound 192,C1COCCO1,0.932,0.0332,37.05533667650391,88.052429496,88.106,80.042,21.637999999999995,3.644923705673916,4.242640687119286,6,Practically non-toxic
192,Compound 193,N#Cc1ccccn1,2.157,0.95328,47.40857289630879,104.037448128,104.11199999999997,100.07999999999998,28.952,4.203828267758419,5.819990956308912,8,Practically non-toxic
193,Compound 194,CNC(=O)Oc1ccc(N(C)C)c(C)c1,5.029,1.77922,89.84087687484204,208.121177752,208.261,192.13299999999995,60.58970000000003,9.49576098399656,11.422285251880869,15,Highly toxic
194,Compound 195,CC/C=C/CCO,2.568,1.335,44.66859231982434,100.088815004,100.161,88.06499999999998,31.133799999999987,4.723234477438852,5.535533905932738,7,Practically non-toxic
195,Compound 196,Cc1ccc(N)c(Cl)c1,3.596,2.23062,59.43950215778797,141.034526936,141.601,133.53699999999998,40.60140000000001,5.943294495786184,6.8533711511285205,9,Slightly toxic
196,Compound 197,C#CCN(CC#C)CC#C,2.647,0.1880000000000001,62.4162977887836,131.073499288,131.178,122.10599999999998,42.939000000000014,5.800584746628479,7.819990956308912,10,Practically non-toxic
197,Compound 198,CCc1ccc(O)cc1,4.07,1.9546,54.95552110048619,122.07316494,122.167,112.08699999999996,37.48480000000001,5.463721453445009,6.69023444431199,9,Moderately toxic
198,Compound 199,Cc1cocn1,1.777,0.98302,35.81032247891692,83.03711378,83.09,78.05000000000001,21.239999999999995,3.5101624243430725,4.405777393935816,6,Practically non-toxic
199,Compound 200,C=CCc1ccccc1O,3.951,2.1207,60.63086018269854,134.07316494,134.178,124.09799999999996,42.00780000000002,5.7481785038211815,7.397341225498538,10,Slightly toxic
200,Compound 201,CCCCCCCCCCN,5.184,3.0858000000000017,71.36362075441176,157.183049736,157.301,134.11699999999996,51.66440000000004,7.941311299868554,8.36396103067893,11,Highly toxic
201,Compound 202,NC(=O)c1ccc([N+](=O)[O-])cc1,3.097,0.6937,67.95073375344985,166.037842052,166.136,160.08799999999997,41.61430000000001,6.058709812839677,9.137828201504696,12,Slightly toxic
202,Compound 203,C#C[C@](C)(O)CCC(C)C,3.457,1.8068,63.4522470870577,140.120115132,140.226,124.09799999999996,43.52880000000001,7.016127696252305,8.198670612749268,10,Slightly toxic
203,Compound 204,c1ccc(SSc2ccccc2)cc1,6.298,4.486000000000002,92.13467946264116,218.02239232,218.346,208.266,64.59800000000003,9.22299243467944,9.639981912617824,14,Extremely toxic
204,Compound 205,CCCCCCBr,4.68,2.9616000000000016,54.43150920545396,164.020062516,165.07399999999998,151.96999999999997,37.936,6.499494918056669,5.535533905932738,7,Moderately toxic
205,Compound 206,C=C(C)C(=O)OCc1ccccc1,4.577,2.3059000000000003,77.84157798884638,176.083729624,176.21499999999995,164.11899999999997,51.05200000000003,7.617461489248951,9.681798275874712,13,Moderately toxic
206,Compound 207,Nc1cccc(OCc2ccccc2)c1,4.307,2.8478000000000003,89.30687536647721,199.099714036,199.253,186.149,61.62840000000002,8.38885776354667,10.510225400620902,15,Moderately toxic
207,Compound 208,CCCCCC(C)=O,2.939,2.1557000000000004,51.09042581425295,114.104465068,114.188,100.07599999999998,34.822999999999986,5.736675415210053,6.405777393935816,8,Practically non-toxic
208,Compound 209,BrCCCBr,4.985,2.166300000000001,49.20423046790548,199.883624392,201.889,195.841,32.20499999999999,6.049242367807505,4.121320343559642,5,Moderately toxic
209,Compound 210,N#Cc1cccc(C(F)(F)F)c1,3.555,2.5770800000000005,67.05047323853759,171.029583788,171.12099999999998,167.089,36.15900000000001,5.890508091286144,9.190234444311992,12,Slightly toxic
210,Compound 211,Oc1cccnc1Cl,2.319,1.4406,51.74855107952116,128.998141428,129.546,125.514,30.911799999999992,4.760371417596475,5.983127663125442,8,Practically non-toxic
211,Compound 212,CCCCCCCCOc1ccccc1NC(C)=O,5.767,4.384300000000003,115.90575377662176,263.18852904,263.38100000000003,238.18099999999995,79.61670000000005,12.075645125992065,13.924438962994,19,Highly toxic
212,Compound 213,COc1cccc(OC)c1C,3.877,2.01222,66.75331992170055,152.083729624,152.19299999999998,140.09699999999998,44.28300000000003,7.048547388496605,8.267584713501616,11,Slightly toxic
213,Compound 214,C[C@@H](O)CC(C)(C)O,1.043,0.5282,50.15242910420461,118.099379688,118.17599999999996,104.06399999999998,32.59559999999998,5.678884241376089,6.784457050376173,8,Practically non-toxic
214,Compound 215,Cc1cc([N+](=O)[O-])cc([N+](=O)[O-])c1O,5.059,1.5170199999999996,77.89653043108919,198.027671292,198.134,192.086,46.152600000000014,7.129334486734578,10.878315177510853,14,Highly toxic
215,Compound 216,O=Cc1cccnc1,3.815,0.8940999999999999,47.17751531488384,107.03711378,107.11199999999998,102.072,29.6245,4.24221323191195,5.819990956308912,8,Slightly toxic
216,Compound 217,CC(=O)C(C)(C)C,3.061,1.6215,44.72548369985636,100.088815004,100.161,88.06499999999998,30.13599999999998,5.408248290463863,6.077350269189626,7,Slightly toxic
217,Compound 218,C=Cc1ccc(C(C)(C)C)cc1,5.515,3.627100000000002,74.93145277369234,160.125200512,160.25999999999996,144.13199999999998,55.23300000000004,8.093858127134677,9.19023444431199,12,Highly toxic
218,Compound 219,CCCCOC(C)=O,3.81,1.3496,49.83902892936323,116.083729624,116.16,104.06399999999998,31.540999999999983,5.437816924487368,6.405777393935816,8,Slightly toxic
219,Compound 220,C=CC[C@H](O)C=C,3.411,1.1094,43.97898928764009,98.07316494,98.145,88.06499999999998,31.017799999999987,4.300584746628478,5.698670612749268,7,Slightly toxic
220,Compound 221,CCCCCCCN,3.723,1.9155,52.26879441122192,115.136099544,115.22,98.08399999999996,37.8134,5.81999095630891,6.242640687119286,8,Slightly toxic
221,Compound 222,CC(C)(C)CN,2.264,0.9912,39.53891018242869,87.10479941599999,87.16600000000001,74.062,28.50939999999999,4.784457050376174,5.207106781186548,6,Practically non-toxic
222,Compound 223,COC(=O)c1cc(Cl)ccc1Cl,4.166,2.780000000000001,80.04288713160418,203.974484792,205.04,198.992,47.80150000000002,7.816334226551967,9.137828201504696,12,Moderately toxic
223,Compound 224,COc1cc(O)c(C=O)c(OC)c1,4.832,1.2219,75.70907577394033,182.0579088,182.175,172.09499999999997,46.59830000000002,7.404009274460425,9.844934982691242,13,Moderately toxic
224,Compound 225,O=C(c1ccccc1)c1ccccc1,4.093,2.917600000000001,83.01496154000138,182.07316494,182.222,172.14199999999997,56.316500000000026,7.681750982360123,9.803118619434356,14,Moderately toxic
225,Compound 226,CCOC(=O)c1ccccc1C(=O)OCC,3.845,2.04,94.1711904649779,222.089208928,222.23999999999995,208.128,58.35500000000003,9.356607800987051,11.966255326250886,16,Slightly toxic
226,Compound 227,O=Cc1cc([N+](=O)[O-])ccc1Cl,4.681,2.0607,72.91410928331882,184.987970668,185.566,181.534,43.49390000000001,6.615252962677732,9.137828201504696,12,Moderately toxic
227,Compound 228,O=Cc1ccc([N+](=O)[O-])cc1,4.175,1.4073,62.61084305643714,151.02694302,151.121,146.081,38.48390000000001,5.558709812839677,8.267584713501616,11,Moderately toxic
228,Compound 229,CCCCCCCCCN,4.822,2.6957000000000013,64.99867864001514,143.167399672,143.274,122.10599999999997,47.04740000000003,7.234204518682006,7.656854249492381,10,Moderately toxic
229,Compound 230,Cc1ccc(O)c(C)c1,3.866,2.00904,54.95552110048619,122.07316494,122.16699999999996,112.08699999999996,37.5808,5.679264403068835,6.8533711511285205,9,Slightly toxic
230,Compound 231,CC(C)(O)C(F)(F)C(F)F,2.439,1.6577,55.65539484931692,160.051127756,160.11,152.046,27.24879999999999,5.536421756726493,8.577350269189626,10,Practically non-toxic
231,Compound 232,CC(=O)CC(=O)c1ccccc1,5.169,1.8484,71.21421577717092,162.06807956,162.18799999999996,152.10799999999998,46.07050000000002,6.910354708062403,8.974691494688164,12,Highly toxic
232,Compound 233,Clc1ccc(Cl)cc1,4.561,2.9934000000000003,58.03793557326031,145.969005488,147.00400000000002,142.97199999999998,36.46200000000001,5.577187914813867,5.983127663125442,8,Moderately toxic
233,Compound 234,CC(=O)C(C)C,2.0,1.2314,38.36054158545974,86.07316494,86.134,76.05399999999999,25.518999999999988,4.485598559653489,5.154700538379252,6,Practically non-toxic
234,Compound 235,CC(C)CO,1.714,0.6347,32.62831112321538,74.07316494,74.123,64.04299999999999,21.9238,3.731670645876131,4.284457050376173,5,Practically non-toxic
235,Compound 236,C=CC(=O)OC[C@H](C)O,4.59,0.0963999999999998,53.94365964937498,130.06299418,130.14299999999997,120.06299999999996,32.83679999999998,5.332624277180031,7.276020881938894,9,Moderately toxic
236,Compound 237,OC1CCCCC1,2.153,1.3114,44.35236419847938,100.088815004,100.161,88.06499999999998,29.091799999999985,4.5600977706223205,5.112884175122364,7,Practically non-toxic
237,Compound 238,OCC(Cl)(Cl)Cl,2.699,1.3489,50.80822557506719,147.924947756,149.404,146.38,27.375799999999995,5.05600063376955,5.207106781186548,6,Practically non-toxic
238,Compound 239,CC1(C)CC(=O)CC(=O)C1,4.002,1.3347,60.611058875164105,140.083729624,140.182,128.08599999999998,37.646,6.437816924487368,7.776020881938894,10,Moderately toxic
239,Compound 240,CCC(=O)c1ccc(N)cc1,3.009,1.8615,66.02764225974326,149.084063972,149.19299999999998,138.105,45.47590000000002,6.50210641759854,8.267584713501616,11,Slightly toxic
240,Compound 241,CCN(CC)c1ccc(C=O)cc1,3.87,2.3453,79.17746946172714,177.1153641,177.247,162.12699999999998,55.39050000000003,8.156426794285046,9.681798275874712,13,Slightly toxic
241,Compound 242,CS(C)=O,0.362,-0.0052999999999999,28.47844734580207,78.013935812,78.136,72.088,19.9904,3.632993161855452,3.5773502691896257,4,Practically non-toxic
242,Compound 243,CCSCCCCSCC,4.469,3.272800000000002,73.5400658793363,178.084992576,178.366,160.22199999999998,55.23200000000004,8.692130429902464,7.656854249492381,10,Moderately toxic
243,Compound 244,C=CC(=O)OCCO,4.384,-0.2921,47.57871753497837,116.047344116,116.116,108.05199999999998,28.24179999999999,4.462380789176953,6.405777393935816,8,Moderately toxic
244,Compound 245,C1CCOC1,1.523,0.7968000000000001,31.941791446997023,72.057514876,72.107,64.04299999999999,20.053,3.236675415210053,3.5355339059327378,5,Practically non-toxic
245,Compound 246,c1ccc(CC2=NCCN2)cc1,2.745,1.2308,72.33052509302233,160.100048384,160.22,148.12399999999997,50.450700000000026,6.955285285007731,8.22576835024473,12,Practically non-toxic
246,Compound 247,COc1cccc(C=O)c1O,4.3209,1.2133,64.23058843003683,152.047344116,152.14899999999997,144.08499999999998,40.046300000000016,6.073111253186188,8.267584713501616,11,Moderately toxic
247,Compound 248,C=C[C@@H](Cl)CCl,4.184,2.0186,47.75100679259846,123.984655552,124.998,118.95,30.558,4.836700938807709,4.99156383156272,6,Moderately toxic
248,Compound 249,Cc1cccc([N+](=O)[O-])c1,3.728,1.90322,58.449320956393365,137.047678464,137.13799999999998,130.082,37.83340000000001,5.573111253186188,7.560477932315068,10,Slightly toxic
249,Compound 250,Oc1cccnc1Br,2.569,1.5497,55.312832458280845,172.947625848,173.997,169.96499999999995,33.6018,5.590439010692724,5.983127663125442,8,Practically non-toxic
250,Compound 251,COC(=O)c1ccc(C(=O)OC)c([N+](=O)[O-])c1,4.564,1.168,96.0942819586845,239.042987008,239.183,230.111,55.77540000000002,9.128754145852014,12.999635521070497,17,Moderately toxic
251,Compound 252,CCCCCCCCCCCC#N,5.625,4.430880000000004,83.14619396766098,181.183049736,181.323,158.13899999999995,57.45700000000005,9.018281407365434,9.778174593052023,13,Highly toxic
252,Compound 253,C[C@H]1CNC[C@H](C)O1,2.474,0.3832,50.22153785939828,115.099714036,115.176,102.072,32.87869999999999,5.4771623912162095,5.983127663125442,8,Practically non-toxic
253,Compound 254,Oc1ccc(Cl)cc1,4.323,2.0456,52.52890309857465,128.00289246,128.558,123.518,33.1168,4.890508091286143,5.983127663125442,8,Moderately toxic
254,Compound 255,COC(C)(C)C,2.118,1.4313,39.31256471492286,88.088815004,88.14999999999999,76.05399999999999,26.761999999999983,4.908248290463863,5.207106781186548,6,Practically non-toxic
255,Compound 256,CC(C)CC=O,4.424,1.2314,38.36054158545974,86.07316494,86.134,76.05399999999999,25.518999999999988,4.270055610029662,4.99156383156272,6,Moderately toxic
256,Compound 257,Nc1ccc(Cl)c(Cl)c1Cl,4.733,3.229,73.6810924971547,194.940932168,196.464,192.432,45.88440000000001,7.133731064651922,7.723614639131599,10,Moderately toxic
257,Compound 258,NC(=O)c1c(Cl)cccc1Cl,2.608,2.0923,73.90429048471339,188.97481914,190.029,184.989,44.97990000000001,6.985436205277731,8.430721420318147,11,Practically non-toxic
258,Compound 259,CCCCCCCCCc1ccc(O)cc1,6.2,4.685300000000004,99.51011590126248,220.182715388,220.356,196.164,69.80380000000005,10.413468921750844,11.639981912617824,16,Extremely toxic
259,Compound 260,Clc1cc(Cl)c(Cl)cc1Cl,5.801,4.3002,78.64446802702366,213.891060784,215.894,213.878,46.48200000000001,7.690274214489978,7.723614639131599,10,Highly toxic
260,Compound 261,Cc1ccncc1,2.364,1.39002,43.01599321484008,93.057849224,93.12899999999998,86.07299999999998,28.97399999999999,4.256614672258461,5.112884175122364,7,Practically non-toxic
261,Compound 262,Oc1cc(Cl)c(Cl)cc1O,5.303,2.4046000000000007,67.62640307765234,177.958834728,179.002,174.97,39.79160000000001,6.316914567434531,7.723614639131599,10,Highly toxic
262,Compound 263,O=[N+]([O-])c1ccccc1,3.015,1.5948,52.08437884199676,123.0320284,123.11099999999996,118.07099999999998,33.0964,4.650461522375814,6.69023444431199,9,Slightly toxic
263,Compound 264,CCOP(=O)(Cc1ccccc1)OCC,2.832,3.452700000000002,90.94614456684164,228.091531034,228.228,211.092,61.00450000000004,10.074457347399235,11.148418081055103,15,Practically non-toxic
264,Compound 265,CCCCCCCCCC(C)=O,5.055,3.716100000000002,76.5501942718394,170.167065324,170.296,148.11999999999998,53.29100000000004,8.565102539956245,9.234204518682008,12,Highly toxic
265,Compound 266,CCCCCCCCCCCCCN,6.484,4.256100000000004,90.4584470976016,199.229999928,199.38199999999995,170.14999999999995,65.51540000000006,10.062631643428196,10.485281374238571,14,Extremely toxic
266,Compound 267,Oc1ccccc1,3.46,1.3922,42.22563687169298,94.041864812,94.113,88.06499999999998,28.1068,3.833964941448088,5.112884175122364,7,Slightly toxic
267,Compound 268,OCCCl,3.176,0.2174999999999999,30.201693121303844,80.00289246,80.51400000000001,75.474,17.805799999999998,2.9953205769007347,3.414213562373095,4,Slightly toxic
268,Compound 269,CCc1ccc(C)nc1,3.174,1.95242,55.74587744363329,121.089149352,121.183,110.09499999999996,38.35200000000001,5.886371184255383,6.690234444311989,9,Slightly toxic
269,Compound 270,COc1cc(OC)c(OC)cc1C=O,3.598,1.5249,82.39332936564782,196.073558864,196.202,184.106,51.48550000000003,8.36504396942433,10.55204176387779,14,Slightly toxic
270,Compound 271,CCC(C)(C)c1ccc(O)cc1,4.801,3.079800000000001,74.05034744367602,164.120115132,164.248,148.11999999999998,51.42380000000004,7.963721453445009,9.19023444431199,12,Moderately toxic
271,Compound 272,CCC(=O)CC,1.747,1.3755,38.36054158545974,86.07316494,86.134,76.05399999999999,25.588999999999988,4.322461852836958,4.99156383156272,6,Practically non-toxic
272,Compound 273,c1ccc2c(c1)CCO2,3.167,1.6215,54.26900142426783,120.057514876,120.15099999999998,112.08699999999996,35.641000000000005,5.131862929595462,6.104448006685085,9,Slightly toxic
273,Compound 274,Nc1ccc([N+](=O)[O-])cc1Cl,3.934,1.8304,67.72753576589116,172.00395508,172.571,167.53099999999998,42.518800000000006,6.207004672213869,8.430721420318147,11,Slightly toxic
274,Compound 275,O=C(c1ccc(Br)cc1)c1cccnc1,4.109,3.0751000000000017,96.10215712658923,260.978925976,262.106,254.042,61.81150000000002,9.43822505160476,10.673362107437434,15,Moderately toxic
275,Compound 276,Oc1ccccc1Cl,4.052,2.0456,52.52890309857465,128.00289246,128.558,123.518,33.1168,4.890508091286143,5.983127663125442,8,Moderately toxic
276,Compound 277,Cc1ccccc1C=O,3.356,1.80752,54.32280944833394,120.057514876,120.15099999999998,112.08699999999996,36.566500000000005,5.294999636411992,6.69023444431199,9,Slightly toxic
277,Compound 278,C=Cc1ccccc1,4.41,2.3296,49.47168431610592,104.062600256,104.152,96.08799999999998,36.533,4.671208396324301,5.819990956308911,8,Moderately toxic
278,Compound 279,Nc1ccc(Cl)cc1,3.609,1.9222,53.07456004339136,127.018876872,127.574,121.52599999999998,35.86440000000002,5.020644764975811,5.983127663125442,8,Slightly toxic
279,Compound 280,CCCCCCCO,3.527,1.9491,51.723137466405205,116.120115132,116.204,100.07599999999998,35.84479999999999,5.689854282619242,6.242640687119286,8,Slightly toxic
280,Compound 281,C#C[C@@](C)(O)C(C)C,2.738,1.0266,50.72236285826448,112.088815004,112.17199999999998,100.07599999999998,34.294799999999995,5.601914133879209,6.784457050376174,8,Practically non-toxic
281,Compound 282,CCC(=O)Nc1ccc(Cl)c(Cl)c1,4.405,3.3419000000000016,86.84414620010195,217.006119268,218.083,209.011,55.38270000000002,8.615192717274653,9.844934982691242,13,Moderately toxic
282,Compound 283,CN1CCC[C@@H]1c1cccnc1.CN1CCC[C@@H]1c1cccnc1.O=S(=O)(O)O,4.486,3.043800000000001,172.72875541012152,422.1987764399999,422.5510000000001,392.3110000000001,111.86140000000007,17.74066640433461,21.27781011412252,29,Moderately toxic
283,Compound 284,Nc1ccc(Br)cc1,3.559,2.0313,56.63884142215104,170.968361292,172.025,165.97699999999998,38.55440000000001,5.850712358072061,5.983127663125442,8,Slightly toxic
284,Compound 285,Oc1c(Cl)cc(Cl)cc1Cl,4.606,3.3524000000000003,73.13543555233801,195.924947756,197.448,194.424,43.13680000000001,7.003594390962254,7.723614639131599,10,Moderately toxic
285,Compound 286,C=C(C)C(=C)C,4.075,2.1386000000000003,39.18475553544408,82.07825032,82.146,72.06599999999999,29.627999999999982,4.414213562373095,5.154700538379252,6,Moderately toxic
286,Compound 287,c1ccoc1,3.048,1.2796,30.2257323835738,68.026214748,68.075,64.04299999999999,18.707999999999995,2.717649367222366,3.5355339059327378,5,Slightly toxic
287,Compound 288,c1ccc(Nc2ccccc2)cc1,4.65,3.430200000000002,78.03835950916904,169.089149352,169.227,158.13899999999995,56.16670000000003,7.27350269189626,8.932875131431276,13,Moderately toxic
288,Compound 289,CC(=O)c1cccn1C,2.895,1.2277,54.10688347034018,123.068413908,123.15499999999996,114.08299999999998,35.4175,5.587512693532698,6.8533711511285205,9,Practically non-toxic
289,Compound 290,CCCCN,2.437,0.7452000000000001,33.17396806803209,73.08914935199999,73.139,62.05099999999999,23.96239999999999,3.698670612749268,4.121320343559642,5,Practically non-toxic
290,Compound 291,Oc1c(Cl)cc(Cl)c(Cl)c1Cl,5.352,4.0058,83.43870177921967,229.885975404,231.893,229.877,48.14680000000001,8.06013754080031,8.593858127134677,11,Highly toxic
291,Compound 292,c1cc[nH]c1,2.504,1.0147,30.640563540511263,67.04219916,67.091,62.051,20.7927,2.809401076758504,3.5355339059327378,5,Practically non-toxic
292,Compound 293,CC(C)c1cccc(C(C)C)c1N,4.064,3.5156000000000027,80.96094650288931,177.151749608,177.29099999999997,158.13899999999995,59.03240000000004,8.964101615137755,10.008071689507773,13,Moderately toxic
293,Compound 294,C#CC[C@H](C)O,3.38,0.3905,37.99247862947127,84.057514876,84.118,76.05399999999999,25.13079999999999,3.809020915065757,4.99156383156272,6,Slightly toxic
294,Compound 295,CCc1cccc(CC)c1N(COC)C(=O)CCl,4.733,2.9871000000000016,113.68910726130552,269.11825656,269.77199999999993,249.612,75.28000000000004,11.958081527770435,13.543605595440512,18,Moderately toxic
295,Compound 296,CCCCCCCCCCCN,5.912,3.475900000000001,77.72856286880837,171.1986998,171.32799999999995,146.128,56.28140000000004,8.648418081055103,9.071067811865476,12,Highly toxic
296,Compound 297,COCCN,2.156,-0.4084999999999998,31.922571183142363,75.068413908,75.11099999999999,66.039,20.9304,3.399812122026584,4.121320343559643,5,Practically non-toxic
297,Compound 298,Brc1nc(Br)c(Br)[nH]1,4.697,2.6972,71.46285433838185,301.76898433200006,304.76699999999994,303.759,41.68769999999999,8.339096631871751,6.146264369941973,8,Moderately toxic
298,Compound 299,Fc1ccc(Oc2ccc(F)cc2)cc1,5.261,3.757100000000002,85.93311336092034,206.054321316,206.191,198.12699999999995,52.87400000000002,7.782979389999325,10.673362107437434,15,Highly toxic
299,Compound 300,BrC(Br)c1ccccc1C(Br)Br,5.985,5.263400000000002,105.6314777708556,417.720298592,421.752,415.704,67.63200000000002,12.31994566363348,9.137828201504696,12,Highly toxic
300,Compound 301,CC(Cl)(Cl)Cl,3.45,2.3765,46.01399182287118,131.930033136,133.405,130.381,25.963999999999995,4.901680257083045,4.5,5,Slightly toxic
301,Compound 302,Cc1ccc(Cl)c(Cl)c1,4.743,3.301820000000001,64.40287768765691,159.984655552,161.031,154.983,41.19900000000001,6.499837645624241,6.8533711511285205,9,Moderately toxic
302,Compound 303,Clc1cccc(Cl)c1C(Cl)Cl,5.375,4.469600000000001,85.00941014142026,227.906710848,229.921,225.889,50.90900000000001,8.34497475286923,8.430721420318147,11,Highly toxic
303,Compound 304,CCc1ccccc1,4.005,2.249000000000001,50.16128734829018,106.07825032,106.168,96.08799999999998,35.82,5.093858127134676,5.819990956308911,8,Moderately toxic
304,Compound 305,CCC(C)=O,1.35,0.9854,31.99559947106314,72.057514876,72.107,64.04299999999999,20.972,3.6153550716504106,4.284457050376173,5,Practically non-toxic
305,Compound 306,Oc1ccc(Cl)cc1Cl,4.323,2.6990000000000007,62.832169325456334,161.963920108,163.003,158.97099999999998,38.12680000000001,5.947051241124199,6.8533711511285205,9,Moderately toxic
306,Compound 307,Nc1ccccc1C(=O)c1ccc(Cl)cc1,5.039,3.153200000000002,98.65811846389576,231.04509162,231.682,221.60199999999995,65.73890000000002,9.23829413219818,11.543605595440512,16,Highly toxic
307,Compound 308,CC(=O)OC(C)(C)C,2.551,1.348,49.83902892936323,116.083729624,116.15999999999998,104.06399999999998,31.518999999999984,5.816496580927726,6.784457050376173,8,Practically non-toxic
308,Compound 309,CN(C)c1ccc(/C=C/C=O)cc1,4.473,1.9647,78.48786642954289,175.099714036,175.231,162.12699999999998,55.86700000000003,7.896913770291203,9.681798275874712,13,Moderately toxic
309,Compound 310,O=Cc1cccc(C(F)(F)F)c1,5.275,2.517900000000001,66.81941565711266,174.02924944,174.12099999999998,169.08099999999996,36.83150000000001,5.928893055439673,9.19023444431199,12,Highly toxic
310,Compound 311,O=[N+]([O-])c1ccc(O)cc1C(F)(F)F,4.355,2.3192000000000004,75.74016091736809,207.014327648,207.107,203.075,39.763200000000005,6.5768679985242,10.930721420318148,14,Moderately toxic
311,Compound 312,O=[N+]([O-])c1ccccc1Cl,3.73,2.2482000000000006,62.38764506887844,156.993056048,157.55599999999998,153.52399999999997,38.106400000000015,5.707004672213869,7.560477932315068,10,Slightly toxic
312,Compound 313,Oc1ccc(/N=N/c2ccccc2)cc1,5.229,3.8076000000000025,87.7295089222461,198.07931294,198.22500000000005,188.145,58.72480000000003,8.037793209206507,10.510225400620904,15,Highly toxic
314,Compound 315,Cc1ccc(C)o1,3.131,1.89644,42.95561661236701,96.057514876,96.129,88.06499999999998,28.181999999999988,4.562948828843115,5.276020881938894,7,Slightly toxic
315,Compound 316,O=Cc1c(F)c(F)c(F)c(F)c1F,5.251,2.1946000000000003,68.78554434856851,195.994755752,196.074,195.066,31.6195,5.8754209246996245,10.171208396324303,13,Highly toxic
316,Compound 317,O=[N+]([O-])c1cccc([N+](=O)[O-])c1O,3.2994,1.2086000000000003,71.53158831669258,184.012021228,184.107,180.075,41.41560000000001,6.206684755924204,10.008071689507773,13,Slightly toxic
317,Compound 318,CCCCCCN,3.253,1.5254000000000003,45.903852296825306,101.12044948,101.193,86.07299999999998,33.19639999999999,5.112884175122363,5.535533905932738,7,Slightly toxic
318,Compound 319,CCOCCOC(C)=O,3.496,0.586,54.9525741588701,132.078644244,132.159,120.06299999999996,33.12599999999999,5.846065214951231,7.112884175122364,9,Slightly toxic
319,Compound 320,OC(c1ccc(Cl)cc1)(c1ccc(Cl)cc1)C(Cl)(Cl)Cl,5.788,5.599500000000002,141.52894644095858,367.909603308,370.49,361.4179999999999,86.1928,13.735482844155378,14.966255326250886,20,Highly toxic
320,Compound 321,CCCCCC[C@@H](C)N,4.403,2.3040000000000003,58.63373652561852,129.151749608,129.247,110.09499999999996,42.408400000000015,6.690234444311988,7.112884175122364,9,Moderately toxic
321,Compound 322,O=S(Cc1ccccc1)Cc1ccccc1,3.459,3.1355000000000013,98.59263575793015,230.076536068,230.332,216.22,68.43440000000004,9.820709416124808,11.217332181807452,16,Slightly toxic
322,Compound 323,Oc1c(Cl)cc(Cl)c(Cl)c1Cc1c(O)c(Cl)cc(Cl)c1Cl,7.287,6.609000000000002,150.26150430563968,403.849895512,406.907,400.859,89.07960000000001,14.559595024731808,15.894823035455904,21,Extremely toxic
323,Compound 324,CC(=O)/C=C/C1=C(C)CCCC1(C)C,4.577,3.6582000000000026,86.89504128273487,192.15141526,192.302,172.14199999999997,60.15300000000004,9.684269172402756,10.767584713501616,14,Moderately toxic
324,Compound 325,COc1cc(C=O)ccc1O,3.259,1.2133,64.23058843003683,152.047344116,152.14899999999997,144.08499999999998,40.046300000000016,6.073111253186188,8.267584713501616,11,Slightly toxic
325,Compound 326,CCCCCCCCO,3.983,2.3392,58.08807958080182,130.135765196,130.231,112.08699999999996,40.4618,6.39696106380579,6.949747468305834,9,Slightly toxic
326,Compound 327,Cc1ccccc1C#N,3.418,1.8667,54.5538670297589,117.057849224,117.15099999999995,110.09499999999996,35.894000000000005,5.256614672258461,6.69023444431199,9,Slightly toxic
327,Compound 328,Oc1cc(Cl)c(Cl)c(Cl)c1Cl,5.752,4.0058,83.43870177921967,229.885975404,231.893,229.877,48.146800000000006,8.06013754080031,8.593858127134677,11,Highly toxic
328,Compound 329,OCCN(CCO)c1ccccc1,2.392,0.4775999999999998,78.23947275167879,181.11027872,181.235,166.11499999999998,52.82660000000004,7.556819257194194,9.518661569058182,13,Practically non-toxic
329,Compound 330,Oc1c(Br)c(Br)c(Br)c(Br)c1Br,6.72,5.204700000000001,111.56337489989976,483.5944251520001,488.593,487.585,66.60679999999999,13.267018656119614,9.464101615137755,12,Extremely toxic
330,Compound 331,CC(C)c1ccc(C=O)cc1,4.35,2.6225000000000005,67.05269367712717,148.088815004,148.20499999999998,136.10899999999998,45.91850000000002,6.872349905601618,8.267584713501616,11,Moderately toxic
331,Compound 332,NC(=O)c1ccc(Cl)cc1Cl,3.298,2.0923,73.90429048471339,188.97481914,190.029,184.989,44.97990000000001,6.98543620527773,8.430721420318147,11,Slightly toxic
332,Compound 333,CC(C)(O)C(Cl)(Cl)Cl,3.119,2.127500000000001,63.53810980386041,175.956247884,177.458,170.40200000000002,36.58780000000001,6.848893852583003,7.0,8,Slightly toxic
333,Compound 334,CCNCCO,1.78,-0.4118000000000001,38.17817330682343,89.084063972,89.138,78.05,25.62949999999999,4.0685339390596,4.82842712474619,6,Practically non-toxic
334,Compound 335,c1ccc(Oc2ccccc2)cc1,4.629,3.478900000000002,77.60204255506788,170.07316494,170.211,160.13099999999997,52.95800000000003,7.181750982360123,8.932875131431276,13,Moderately toxic
335,Compound 336,CC(C)(C)SC(C)(C)C,3.701,3.316600000000002,63.41695585397104,146.112921576,146.29899999999998,128.15499999999997,47.09700000000002,8.22474487139159,7.707106781186548,9,Slightly toxic
336,Compound 337,O=Cc1ccccc1O,4.726,1.2047,52.75210108613335,122.036779432,122.12299999999996,116.07499999999996,33.4943,4.742213231911951,6.69023444431199,9,Moderately toxic
337,Compound 338,CC(C)(C)CC(C)(C)N,3.721,2.1599000000000004,58.63373652561852,129.151749608,129.247,110.09499999999996,42.338400000000014,7.284457050376173,7.707106781186548,9,Slightly toxic
338,Compound 339,O=C(Oc1ccccc1)c1ccccc1O,5.259,2.6114000000000006,92.92274052170428,214.06299418,214.22,204.14,59.50730000000003,8.459862599134318,11.380468888623982,16,Highly toxic
339,Compound 340,Nc1ccc(F)cc1,3.818,1.4079000000000002,46.93682921943591,111.048427412,111.119,105.07099999999998,30.8124,4.264715818957356,5.983127663125442,8,Slightly toxic
340,Compound 341,O=c1cc(-c2ccccc2)oc2ccccc12,4.803,3.4600000000000017,98.13650078134904,222.06807956,222.243,212.16299999999995,67.92000000000002,9.089999272823986,11.664925939000156,17,Moderately toxic
341,Compound 342,CCOc1ccc(N)c([N+](=O)[O-])c1,3.846,1.5757,75.26769899730957,182.06914218,182.179,172.099,48.67780000000002,7.188466324836599,9.844934982691242,13,Slightly toxic
342,Compound 343,O=Cc1ccc(Cl)cc1Cl,4.988,2.805900000000001,68.5643997877007,173.963920108,175.01399999999998,170.982,41.84950000000001,6.48543620527773,7.560477932315068,10,Moderately toxic
343,Compound 344,CCCCOC(=O)CCCCC(=O)OCCCC,4.851,3.2334000000000023,110.03363317408676,258.183109312,258.3579999999999,232.14999999999995,70.20200000000006,11.70406097372093,13.639981912617824,18,Moderately toxic
344,Compound 345,Oc1ccccc1-c1ccccc1,4.442,3.059200000000001,77.28273107775702,170.07316494,170.21099999999998,160.13099999999997,53.54280000000003,7.143366018206592,9.096011838247808,13,Moderately toxic
345,Compound 346,O=C(/C=C/C=C/c1ccc2c(c1)OCO2)N1CCCCC1,4.561,2.997200000000002,124.2033442356936,285.136493468,285.343,266.1909999999999,81.17000000000004,11.956051038338217,14.493353063746348,21,Moderately toxic
346,Compound 347,COc1ccccc1C(N)=O,3.1,0.7941,64.77624537485353,151.063328528,151.16499999999996,142.093,41.51190000000001,6.203247926875855,8.267584713501616,11,Slightly toxic
347,Compound 348,Cc1ccc(O)cc1,3.815,1.70062,48.59057898608959,108.057514876,108.14,100.07599999999998,32.843799999999995,4.756614672258461,5.983127663125442,8,Slightly toxic
348,Compound 349,CCN(CCO)c1cccc(C)c1,3.53,1.81362,79.8101811138794,179.131014164,179.26299999999995,162.12699999999998,56.15180000000005,8.325148611318061,9.681798275874712,13,Slightly toxic
349,Compound 350,CC(C)SSC(C)C,4.257,3.184600000000001,60.21014373689272,150.053692448,150.31199999999998,136.2,45.45400000000002,7.604190281162429,6.568914100752346,8,Moderately toxic
350,Compound 351,CCCCCCCCCCCC(C)=O,5.742,4.496300000000004,89.28007850063263,198.198365452,198.35,172.14199999999997,62.525000000000055,9.97931610232934,10.648418081055103,14,Highly toxic
351,Compound 352,O=Cc1c(F)cccc1Cl,4.227,2.2916,62.42666896374525,157.993470648,158.55899999999997,154.527,36.797500000000014,5.729507259259274,7.560477932315068,10,Moderately toxic
352,Compound 353,COC(=O)c1ccc(O)cc1O,3.565,0.8843999999999999,69.02482218223285,168.042258736,168.148,160.08399999999995,41.11110000000002,6.4429745794965205,9.137828201504696,12,Slightly toxic
353,Compound 354,CCCCOCCCC,3.606,2.603200000000001,58.40739105811268,130.135765196,130.231,112.08699999999996,40.635000000000005,6.650888977583149,6.949747468305834,9,Slightly toxic
354,Compound 355,CCCCCC,4.538,2.5866000000000007,40.563961599812586,86.109550448,86.178,72.06599999999999,29.81599999999998,4.82842712474619,4.82842712474619,6,Moderately toxic
355,Compound 356,CC(C)OC(C)C,2.114,1.8198,45.67750682931947,102.104465068,102.17699999999998,88.06499999999998,31.35699999999997,5.562948828843115,5.861807319565799,7,Practically non-toxic
356,Compound 357,O=[N+]([O-])c1cccc([N+](=O)[O-])c1O,3.666,1.2086000000000003,71.53158831669258,184.012021228,184.107,180.075,41.41560000000001,6.206684755924204,10.008071689507773,13,Slightly toxic
357,Compound 358,CCCCC=O,3.824,1.3755,38.36054158545974,86.07316494,86.134,76.05399999999999,25.588999999999988,4.106918903213131,4.82842712474619,6,Slightly toxic
358,Compound 359,C=C(C)C(=O)OCCO,2.759,0.098,53.943659649374986,130.06299418,130.14299999999997,120.06299999999996,32.85879999999999,5.385030519987327,7.276020881938894,9,Practically non-toxic
359,Compound 360,COc1ccc(C(C)=O)c(OC)c1OC,3.024,1.915,88.75827148004441,210.089208928,210.229,196.117,56.10250000000004,9.287693700234705,11.422285251880869,15,Slightly toxic
360,Compound 361,CC[C@@H](C)O,1.305,0.7772,32.62831112321538,74.07316494,74.12299999999999,64.04299999999999,21.971799999999995,3.731670645876132,4.284457050376173,5,Practically non-toxic
361,Compound 362,CCc1ccccn1,2.413,1.644,49.38093532923668,107.073499288,107.156,98.08399999999996,33.614999999999995,4.963721453445009,5.819990956308911,8,Practically non-toxic
362,Compound 363,CCOP(=S)(OCC)Oc1cc(C)nc(C(C)C)n1,4.513,3.5847200000000026,119.51079978829644,304.10105016200004,304.35200000000003,283.184,79.02300000000004,13.754471821035317,14.466255326250886,19,Moderately toxic
363,Compound 364,CCCCCCCC(C)=O,3.971,2.935900000000001,63.82031004304618,142.135765196,142.24200000000002,124.09799999999996,44.057000000000016,7.150888977583149,7.819990956308912,10,Slightly toxic
364,Compound 365,CC(=O)c1ccccc1,2.87,1.8892,54.32280944833394,120.057514876,120.15099999999995,112.08699999999996,36.44650000000001,5.294999636411992,6.69023444431199,9,Practically non-toxic
365,Compound 366,Clc1nc(Cl)c(Cl)c(Cl)c1Cl,5.728,4.348599999999999,88.16738223485183,248.8473374,251.327,251.327,49.287000000000006,8.616680690638367,8.593858127134677,11,Highly toxic
366,Compound 367,C=C(C)[C@H]1Cc2c(ccc3c2O[C@@H]2COc4cc(OC)c(OC)cc4[C@@H]2C3=O)O1,7.88,3.703300000000002,168.5250123387299,394.141638424,394.4230000000002,372.2470000000002,105.90450000000006,16.612261970670204,20.28372809251716,29,Extremely toxic
367,Compound 368,Oc1c(O)c(Cl)c(Cl)c(Cl)c1Cl,5.29,3.7114,88.23293553141569,245.880890024,247.892,245.876,49.81160000000001,8.430000867110643,9.464101615137755,12,Highly toxic
368,Compound 369,Brc1ccccc1Br,4.764,3.2116000000000007,65.16649833077967,233.867974328,235.906,231.874,41.84200000000001,7.237323101006366,5.983127663125442,8,Moderately toxic
369,Compound 370,OC(C(F)(F)F)C(F)(F)F,2.839,1.4718999999999995,51.25658142637619,168.000984004,168.03599999999997,166.01999999999998,18.1168,4.292350702744947,8.577350269189626,10,Practically non-toxic
370,Compound 371,ClCC(Cl)CCl,3.408,2.0714,52.37893393726779,145.9456832,147.43200000000002,142.392,31.080999999999992,5.393244088645766,4.99156383156272,6,Slightly toxic
371,Compound 372,ClCCCCCl,3.391,2.2442,48.44060982478272,126.000305616,127.014,118.95,30.673999999999992,5.096213962801553,4.82842712474619,6,Slightly toxic
372,Compound 373,CCOc1cc(C=O)ccc1O,3.278,1.6034,70.59553054443344,166.06299418,166.17599999999996,156.09599999999998,44.66330000000002,6.780218034372735,8.974691494688164,12,Slightly toxic
373,Compound 374,OCC(F)(F)F,2.924,0.5409999999999999,32.39503310320087,100.013599376,100.039,97.015,13.1408,2.788213795714187,5.207106781186548,6,Practically non-toxic
374,Compound 375,CC(=O)c1ccncc1,2.858,1.2842,53.54245742928045,121.052763844,121.13899999999998,114.08299999999998,34.2415,5.164862962722324,6.69023444431199,9,Practically non-toxic
