,Compound ID,SMILES,MolecularWeight,LogP,TPSA,N_RotatableBonds,AromaticBonds,HeavyAtomCount,N_H_Donors,N_H_Acceptors,Max_Partial_Charge,Min_Partial_Charge,pLC50
0,compound-1,CCOC(C)=O,88.106,0.5694,26.3,1,0,6,0,2,0.4661718899744165,0.3021127777269907,2.583
1,compound-2,NC(=O)c1ccccc1,121.13899999999995,0.7855000000000001,43.09,1,1,9,1,1,0.3655995116322135,0.2481951142456483,2.263
2,compound-3,CCCCC(=O)CCCC,142.24200000000002,2.935900000000001,17.07,6,0,10,0,1,0.2997179119890417,0.1324109690533248,3.662
3,compound-4,CCOc1ccc(C=O)cc1,150.177,1.8978,26.3,3,1,11,0,2,0.4938893382807438,0.1495525813218515,3.728
4,compound-5,C#C[C@H](O)CCCCC,126.199,1.5608,20.23,4,0,9,1,1,0.3803956243587211,0.1140084939694321,5.485
5,compound-6,Cc1c[nH]c2ccccc12,131.178,2.4763200000000003,15.79,0,2,10,1,0,0.3609008962065418,0.0456176698080423,4.171
6,compound-7,CCCCN(C=O)CCCC,157.25699999999998,2.045,20.31,7,0,11,0,1,0.3452678803530337,0.2092024413529758,3.246
7,compound-8,ClCCCl,98.96,1.464,0.0,1,0,4,0,0,0.1254234307488161,0.0358892034480996,2.863
8,compound-9,COC(=O)c1ccc(Cl)cc1[N+](=O)[O-],215.592,2.0348,69.44,2,1,14,0,4,0.4652331862363915,0.3443897792637445,3.891
9,compound-10,NC(=O)c1cccc(Br)c1,200.035,1.548,43.09,1,1,10,1,1,0.365598940304876,0.2482356205657117,3.334
10,compound-11,Nc1ccc(Br)cn1,173.01300000000003,1.4263,38.91,0,1,8,1,2,0.383701623027371,0.1228542033037726,2.99
11,compound-12,C=CCNc1ccccc1,133.19399999999996,2.2845000000000004,12.03,3,1,10,1,1,0.3815850499986954,0.0342103238348275,3.569
12,compound-13,CCCCCCCCCCc1ccc(N)cc1,233.399,4.952000000000004,26.02,9,1,17,1,1,0.3987285623674986,0.0313675979799461,6.575
13,compound-14,CCCCOP(=O)(OCCCC)OCCCC,266.3179999999999,4.544600000000004,44.760000000000005,12,0,17,0,4,0.4742777516396875,0.2868767610058269,4.449
14,compound-15,Cc1ccccc1O,108.13999999999996,1.70062,20.23,0,1,8,1,1,0.5076872844527907,0.1179796186843986,3.889
15,compound-16,CC(C)[C@H](C)N,87.166,0.9895999999999998,26.02,1,0,6,1,1,0.3277318334888319,0.0033444117678281,2.487
16,compound-17,CCCCCCCCCCC(C)=O,184.323,4.106200000000004,17.07,9,0,13,0,1,0.300031023494696,0.1293399502822748,5.194
17,compound-18,Cc1cc(C)c(C#N)c(O)n1,148.165,1.27572,56.91,0,1,11,1,3,0.492319347173864,0.2291783446874193,2.975
18,compound-19,ClC(Cl)Cl,119.378,1.9864,0.0,0,0,4,0,0,0.1801066354777967,0.0874115277790443,3.228
19,compound-20,COc1ccc(C=O)c(OC)c1,166.176,1.5162999999999998,35.53,3,1,12,0,3,0.4966240059498221,0.1532809933737746,3.917
20,compound-21,CCCSSCCC,150.31199999999998,3.187800000000002,0.0,5,0,8,0,2,0.0941705517662408,0.0034270164033086,4.759
21,compound-22,CC(=O)c1ccc(Cl)c([N+](=O)[O-])c1,199.593,2.4508,60.21,2,1,13,0,3,0.2945076128683281,0.288100514922492,4.56
22,compound-23,CCOP(=S)(OCC)SCSc1ccc(Cl)cc1,342.875,5.420300000000004,18.46,8,1,18,0,5,0.3219489605361771,0.2476397515720411,6.161
23,compound-24,ClC(Cl)C(Cl)(Cl)Cl,202.295,3.1603000000000003,0.0,0,0,7,0,0,0.2197573178161509,0.100606720772808,4.429
24,compound-25,N#CCCCCC#N,108.144,1.59396,47.58,3,0,8,0,2,0.1983473870429581,0.0621251094438701,1.75
25,compound-26,COC(C)=O,74.079,0.1793,26.3,0,0,5,0,2,0.4691981070510483,0.3018471669894445,2.317
26,compound-27,CCCCCCCCN,129.247,2.3056,26.02,6,0,9,1,1,0.3304735039634225,0.0077275467039724,4.396
27,compound-28,C=C[C@](C)(O)CC/C=C(/C)CCC=C(C)C,222.372,4.396300000000004,20.23,7,0,16,1,1,0.3860915025551139,0.0799543289291131,5.192
28,compound-29,NC(=O)c1ccccc1N,136.154,0.3676999999999998,69.11,1,1,10,2,2,0.3980808153989169,0.2502884753186924,2.537
29,compound-30,CCCO,60.096,0.3887,20.23,1,0,4,1,1,0.3963873506323362,0.0427892799205337,1.121
30,compound-31,CC(C)(O)CCc1ccccc1,164.24799999999996,2.3901000000000003,20.23,3,1,12,1,1,0.3904597985279948,0.0594488119739299,3.393
31,compound-32,Cn1c(=O)c2c(ncn2C)n(C)c1=O,194.194,-1.029300000000001,61.82,0,2,14,0,6,0.3317034326359888,0.3278634660994821,3.109
32,compound-33,Brc1ccsc1,163.03900000000002,2.5106,0.0,0,1,6,0,1,0.1512341554993466,0.0281743615554824,4.421
33,compound-34,CCC1(CCC(C)C)C(=O)NC(=O)NC1=O,226.276,1.1849999999999998,75.27000000000001,4,0,16,2,3,0.3276318689614549,0.2768228775012217,3.423
34,compound-35,Clc1cccc(Cl)c1,147.00400000000002,2.9934000000000003,0.0,0,1,8,0,0,0.0842889078864603,0.0420299105976315,4.263
35,compound-36,C=C[C@H](O)CCC,100.161,1.3334,20.23,3,0,7,1,1,0.3890608211861144,0.0717744186534131,3.518
36,compound-37,O=C(c1ccccc1)c1ccncc1,183.21,2.3126,29.96,2,2,14,0,2,0.2886139408884263,0.1926319628795822,3.25
37,compound-38,Oc1ccc(Oc2ccc(O)cc2)cc1,202.209,2.8901000000000003,49.69,2,2,15,2,3,0.507962228738608,0.1271989381207901,4.544
38,compound-39,Oc1c(Br)cc(Br)cc1Br,330.801,3.6797,20.23,0,1,10,1,1,0.5055801759673582,0.1435022176289187,4.703
39,compound-40,CCC1(c2ccccc2)C(=O)NC(=O)NC1=O,232.239,0.7003999999999997,75.27000000000001,2,1,17,2,3,0.3276510185778574,0.2765230180661798,2.681
40,compound-41,Clc1ccc(Cl)c(Cl)c1,181.449,3.6468000000000007,0.0,0,1,9,0,0,0.0842870944577313,0.0606613048593648,4.783
41,compound-42,C#CCCO,70.091,0.002,20.23,1,0,5,1,1,0.3953862519933469,0.0539971082245443,3.288
42,compound-43,C[C@@H](O)CN,75.11099999999999,-0.6741000000000001,46.25,1,0,5,2,2,0.3921032417312494,0.0633842746375362,1.474
43,compound-44,O=CN(c1ccccc1)c1ccccc1,197.237,2.9811000000000014,20.31,3,2,15,0,1,0.2836563108203374,0.2182073612040324,3.812
44,compound-45,Clc1cc(Cl)c(Cl)c(Cl)c1Cl,250.33900000000003,4.9536,0.0,0,1,11,0,0,0.0825977974143921,0.0808451022767468,6.0
45,compound-46,Oc1c(I)cc(I)cc1I,471.801,3.2060000000000004,20.23,0,1,10,1,1,0.505728795260701,0.1417805128785677,5.591
46,compound-47,CNC(=O)Oc1ccc(C(C)(C)C)cc1,207.273,2.702300000000001,38.33,1,1,15,1,2,0.4118383364959599,0.4103657605456754,4.317
47,compound-48,CNC(=O)Oc1ccccc1OC(C)C,209.245,2.192,47.56,3,1,15,1,3,0.4870953014626586,0.4119714855060775,4.376
48,compound-49,C=C(C)C(=O)OC(C)C,128.171,1.5141,26.3,2,0,9,0,2,0.4596327159147271,0.3328591644317298,3.528
49,compound-50,CC(C)=C[C@H]1[C@@H](C(=O)OCc2coc(Cc3ccccc3)c2)C1(C)C,338.44700000000006,5.1520000000000055,39.44,6,2,25,0,3,0.4685768102595097,0.3099579727873044,7.751
50,compound-51,COc1cccc(O)c1,124.13899999999998,1.4007999999999998,29.46,1,1,9,1,2,0.5078231992316957,0.1220462800254047,3.225
51,compound-52,O=[N+]([O-])c1ccc([N+](=O)[O-])c(O)c1,184.107,1.2086000000000003,106.51000000000002,2,1,13,1,5,0.5019192577412589,0.3107149538461684,4.74
52,compound-53,O=[N+]([O-])c1ncccc1O,140.098,0.6954,76.26,1,1,10,1,4,0.5009598442723937,0.4054201791035949,2.924
53,compound-54,O[C@H]1CCCC[C@@H]1c1ccccc1,176.259,2.7051000000000007,20.23,1,1,13,1,1,0.392493983912873,0.0608262961414363,3.599
54,compound-55,O=Cc1cccc(Oc2ccc(Cl)c(Cl)c2)c1,267.111,4.598200000000002,26.3,3,2,17,0,2,0.4573021753907061,0.1496857044315871,5.95
55,compound-56,COC(=O)c1ccc([N+](=O)[O-])cc1,181.147,1.3814,69.44,2,1,13,0,4,0.4654174757714744,0.3373500103780115,3.881
56,compound-57,CCCCCCO,102.177,1.559,20.23,4,0,7,1,1,0.396376569347818,0.0430524058387139,3.02
57,compound-58,C#C[C@](C)(O)c1ccccc1,146.18899999999996,1.5273,20.23,1,1,11,1,1,0.3736678503462706,0.1474048728896116,3.112
58,compound-59,CC1(C)[C@@H](C=C(Cl)Cl)[C@@H]1C(=O)OCc1cccc(Oc2ccccc2)c1,391.2940000000001,6.113300000000004,35.53,6,2,26,0,3,0.4605632650776904,0.3099576442525119,7.388
59,compound-60,CC#N,41.053,0.52988,23.79,0,0,3,0,1,0.1986584259265234,0.058714823771249,1.398
60,compound-61,COc1cccc(C=O)c1O,152.14899999999997,1.2133,46.53,2,1,11,1,3,0.5037612132333203,0.1678757590107854,5.2811
61,compound-62,CC[C@H](C)n1c(=O)[nH]c(C)c(Br)c1=O,261.119,1.57852,54.86,2,1,14,1,3,0.3283497413377791,0.3101846646430806,3.148
62,compound-63,NC(=O)c1ccccc1O,137.13799999999998,0.4911,63.32000000000001,1,1,10,2,2,0.5071219157350979,0.2519536836530817,3.133
63,compound-64,NCc1ccccc1,107.15599999999996,1.1453,26.02,1,1,8,1,1,0.3264975066178271,0.0177607629467539,3.021
64,compound-65,C=C(C)C(=O)OC[C@H]1CCCO1,170.20799999999997,1.2847000000000002,35.53,3,0,12,0,3,0.4595898297076624,0.3326980729060355,3.691
65,compound-66,Cc1ccccc1F,110.13099999999996,2.13412,0.0,0,1,8,0,0,0.2067178848284818,0.1256118174670643,3.754
66,compound-67,c1ccc2ccccc2c1,128.17399999999998,2.8398000000000003,0.0,0,2,10,0,0,0.061629711446875,0.0184042506724422,4.32
67,compound-68,CC(C)(C)c1ccc(Oc2cccc(C=O)c2)cc1,254.329,4.588900000000004,26.3,3,2,19,0,2,0.4573594194821045,0.1496857044315108,5.837
68,compound-69,CCCCCC=O,100.161,1.7656,17.07,4,0,7,0,1,0.303402908155129,0.119490197254345,3.758
69,compound-70,Cc1cccnc1,93.129,1.39002,12.89,0,1,7,0,1,0.264459387256486,0.0296530038281348,2.81
70,compound-71,CCC#N,55.08,0.91998,23.79,0,0,4,0,1,0.1983584061194375,0.0618342405908647,1.559
71,compound-72,CCCOC(C)=O,102.133,0.9595,26.3,2,0,7,0,2,0.4658887398426499,0.3021226973628452,3.231
72,compound-73,BrC[C@@H]1CCCCO1,179.05699999999996,1.9504,9.23,1,0,8,0,1,0.3773538352230695,0.0671386811371226,2.941
73,compound-74,CCCCOc1ccccc1,150.22099999999998,2.8655000000000017,9.23,4,1,11,0,1,0.4936020171055251,0.1187851854213908,4.416
74,compound-75,Cc1cccc(C)c1,106.168,2.30344,0.0,0,1,8,0,0,0.0617408714267734,0.0397646050489469,3.821
75,compound-76,CCOP(=S)(OCC)Oc1nc(Cl)c(Cl)cc1Cl,350.591,4.718100000000002,40.58,6,1,18,0,5,0.4039620319976707,0.3813559433952989,6.042
76,compound-77,ClCC(Cl)Cl,133.405,2.0289,0.0,1,0,5,0,0,0.1237717114758799,0.1208287250159443,3.213
77,compound-78,COC(=O)c1ccc(C(=O)OC)c(N)c1,209.20099999999996,0.8420000000000001,78.62,2,1,15,1,5,0.4654165961192819,0.3394535503296441,4.37
78,compound-79,Nc1ccccc1,93.129,1.2688,26.02,0,1,7,1,1,0.3987288294865909,0.0313475925912186,2.948
79,compound-80,O=[N+]([O-])c1ccc(O)cc1,139.11,1.3003999999999998,63.370000000000005,1,1,10,1,3,0.5079581647909615,0.2691949560161654,3.492
80,compound-81,CC1(C)OC[C@@H](CO)O1,132.159,0.1301999999999998,38.69,1,0,9,1,3,0.3935803378979399,0.1629811860902335,0.898
81,compound-82,CCO,46.069,-0.0014,20.23,0,0,3,1,1,0.3966637147812598,0.0402205817490864,0.496
82,compound-83,Cc1ccc(C)cc1,106.168,2.30344,0.0,0,1,8,0,0,0.0590625791802387,0.0397741940817219,4.078
83,compound-84,N#Cc1ccccn1,104.11199999999997,0.95328,36.68,0,1,8,0,2,0.2455722835386355,0.1399318192047749,2.5884
84,compound-85,NC(=O)C(Cl)Cl,127.958,0.2754,43.09,1,0,6,1,1,0.3673176053979163,0.2502258746447246,2.725
85,compound-86,CC1(C)O[C@]2(C)CC[C@H]1CC2,154.253,2.7441000000000013,9.23,0,0,11,0,1,0.3691300164664661,0.0661764034177079,3.18
86,compound-87,CCCCCC[C@H]1CCC(=O)O1,170.25199999999998,2.6624000000000008,26.3,5,0,12,0,2,0.4623451259224647,0.3056979856420554,3.976
87,compound-88,O=[N+]([O-])c1c(Cl)cc(Cl)c([N+](=O)[O-])c1Cl,271.443,3.4632000000000005,86.28,2,1,15,0,4,0.3129968051844366,0.258212875637636,6.087
88,compound-89,CC(C)N(CCO)C(C)C,145.24599999999995,1.0975,23.47,4,0,10,1,2,0.3950441599672037,0.0558197434287292,2.859
89,compound-90,O=[N+]([O-])c1ccc(Oc2ccccc2)cc1,215.208,3.387100000000002,52.370000000000005,3,2,16,0,3,0.4573757386424334,0.269195976643037,4.91
90,compound-91,Nc1c(Cl)c(Cl)cc(Cl)c1Cl,230.909,3.8824,26.02,0,1,11,1,1,0.3962231845761825,0.0837474024105464,5.932
91,compound-92,Oc1cccc2ccccc12,144.17299999999997,2.5454,20.23,0,2,11,1,1,0.5073115174760926,0.1228987281920831,4.493
92,compound-93,O=Cc1ccccc1,106.12399999999997,1.4991,17.07,1,1,8,0,1,0.2978964116504968,0.149548028830363,4.032
93,compound-94,CC(C)O,60.096,0.3871,20.23,0,0,4,1,1,0.3937069016405105,0.0483476118086921,0.842
94,compound-95,Nc1ccc(F)cc1C(F)(F)F,179.116,2.4267000000000003,26.02,0,1,12,1,1,0.4179867984784078,0.3982338532245834,3.782
95,compound-96,CCN(CC)c1ccccc1,149.23699999999997,2.532800000000001,3.24,3,1,11,0,1,0.3720922269386495,0.0365482771618969,3.959
96,compound-97,N[C@]12C[C@H]3C[C@H](C[C@H](C3)C1)C2,151.253,1.9139,26.02,0,0,11,1,1,0.3250304809663282,0.0161841120166209,3.782
97,compound-98,CCSCCSCC,150.31199999999998,2.4926000000000004,0.0,5,0,8,0,2,0.161436286664089,0.0023433536909533,3.397
98,compound-99,CC(C)(C)O,74.12299999999999,0.7772,20.23,0,0,5,1,1,0.3907600879079809,0.0563258534106586,1.063
99,compound-100,Nc1ccccc1Cl,127.57399999999998,1.9222,26.02,0,1,8,1,1,0.3975229646084393,0.0634914077212632,4.347
100,compound-101,CCCN,59.112,0.3551000000000002,26.02,1,0,4,1,1,0.3304839223850739,0.007990568627305,2.283
101,compound-102,O=P(c1ccccc1)(c1ccccc1)c1ccccc1,278.291,3.3260000000000014,17.07,3,3,20,0,1,0.3086347994521468,0.170511936828085,3.715
102,compound-103,O=Cc1cc(Br)cc(Br)c1O,279.915,2.7297,37.3,1,1,11,1,2,0.506015331073557,0.15335194442329,5.518
103,compound-104,CC(=O)c1ccc(Cl)cc1Cl,189.041,3.196000000000001,17.07,1,1,11,0,1,0.2944540407368913,0.1607984744240977,4.208
104,compound-105,O=[N+]([O-])c1ccc(F)cc1,141.101,1.7338999999999998,43.14,1,1,10,0,2,0.2691313510706342,0.2583096155052176,3.696
105,compound-106,CC#CCO,70.091,0.002,20.23,0,0,5,1,1,0.3836559865707092,0.1037192439899468,3.841
106,compound-107,COc1cccc(C=O)c1O,152.14899999999997,1.2133,46.53,2,1,11,1,3,0.5037612132333203,0.1678757590107854,4.801
107,compound-108,COc1cc(Cl)c(Cl)cc1O,193.029,2.7076000000000007,29.46,1,1,11,1,2,0.504217836761118,0.1615703675170451,4.635
108,compound-109,CCCCCC(=O)OCC,144.214,2.1298000000000004,26.3,5,0,10,0,2,0.4659692078832712,0.3052674242159281,4.21
109,compound-110,Cc1cc(Cl)nc(N)n1,143.57700000000003,1.02062,51.8,0,1,9,1,3,0.3677411867494968,0.2211409690646601,3.008
110,compound-111,CCCC=O,72.107,0.9854,17.07,2,0,5,0,1,0.3034030972577946,0.1194797811341422,3.69
111,compound-112,CCN1C(=O)CC(=O)N(CC)C1=S,200.26299999999995,0.3719999999999999,40.620000000000005,2,0,13,0,3,0.2886679799533312,0.2376939348342289,1.647
112,compound-113,CN(C)c1ccccn1,122.171,1.1476,16.130000000000003,1,1,9,0,2,0.3627476496611739,0.1274384253816817,2.983
113,compound-114,c1ccc2occc2c1,118.13499999999996,2.4328000000000003,13.14,0,2,9,0,1,0.4643529208477263,0.1333445765522491,3.924
114,compound-115,ClCCN1CCCC1,133.622,1.321,3.24,2,0,8,0,1,0.3021528901724848,0.0350670431227842,2.941
115,compound-116,Nc1ccc([N+](=O)[O-])cc1[N+](=O)[O-],183.123,1.0852,112.3,2,1,13,1,5,0.3931603244404849,0.2984773997123301,4.092
116,compound-117,CCOC(CN(C)CC(OCC)OCC)OCC,263.378,1.7163999999999997,40.16,12,0,18,0,5,0.351579461805144,0.1695659510129255,2.618
117,compound-118,Cc1cc(O)ccc1Cl,142.585,2.35402,20.23,0,1,9,1,1,0.5079547579712229,0.1154448338934133,4.416
118,compound-119,N#Cc1cc(I)c(O)c(I)c1,370.915,2.4730799999999995,44.02,0,1,11,1,2,0.505728532200967,0.1417968774940767,4.737
119,compound-120,CCCCBr,137.02,2.1814,0.0,2,0,5,0,0,0.092807985075221,0.0031152227076761,3.572
120,compound-121,O=Cc1ccccc1F,124.11399999999998,1.6382,17.07,1,1,9,0,1,0.2977814830392608,0.1524941969575761,4.964
121,compound-122,CCO[P@@](=S)(Oc1ccc([N+](=O)[O-])cc1)c1ccccc1,323.31000000000006,3.645100000000002,61.6,6,2,21,0,5,0.4401806966346331,0.2691956100921183,6.613
122,compound-123,Cc1cc(C)c(O)c(C)c1,136.194,2.3174600000000005,20.23,0,1,10,1,1,0.507407026806241,0.1209035857971854,4.02
123,compound-124,Nc1c(F)c(F)c(F)c(F)c1F,183.079,1.9643,26.02,0,1,12,1,1,0.3937864322348675,0.2001886813011719,3.693
124,compound-125,C[C@H](Cl)CCl,112.987,1.8525,0.0,1,0,5,0,0,0.1251251140376751,0.044279223500676,2.951
125,compound-126,O=Cc1ccccc1[N+](=O)[O-],151.12099999999998,1.4073,60.21,2,1,11,0,3,0.2976182218548914,0.2793780293509298,4.021
126,compound-127,CCCCCOCCCCC,158.28499999999997,3.383400000000002,9.23,8,0,11,0,1,0.3814524517564456,0.0465532239856138,4.703
127,compound-128,Cl[C@@H]1CCCC[C@H]1Cl,153.05200000000002,2.7752000000000008,0.0,0,0,8,0,0,0.1214007817149079,0.0499283439823206,3.92
128,compound-129,CCOP(=S)(OCC)Oc1ccc([S@@](C)=O)cc1,308.36100000000005,3.1003000000000016,44.760000000000005,7,1,18,0,5,0.4241282066165725,0.3800444839234029,3.854
129,compound-130,CCc1ccc(N)cc1,121.183,1.8312,26.02,1,1,9,1,1,0.3987285623758841,0.0313675952262384,3.22
130,compound-131,Clc1ccccc1Cl,147.00400000000002,2.9934000000000003,0.0,0,1,8,0,0,0.082713195464924,0.0591803442783615,4.191
131,compound-132,CCCCCCCCBr,193.128,3.741800000000003,0.0,6,0,9,0,0,0.0928078039875834,0.003125302405515,5.363
132,compound-133,CCCCC(C)=O,100.161,1.7656,17.07,3,0,7,0,1,0.3000310249948769,0.1293397726031704,2.37
133,compound-134,CCCCO,74.123,0.7787999999999999,20.23,2,0,5,1,1,0.396376752069211,0.0430422834852069,1.633
134,compound-135,CC(C)C(O)C(C)C,116.20399999999998,1.6593,20.23,2,0,8,1,1,0.3925964342249897,0.0585506269132277,2.854
135,compound-136,ClCCl,84.93299999999999,1.4215,0.0,0,0,3,0,0,0.1091323299005052,0.0967063903764919,2.41
136,compound-137,CC1(C)CCC(C)(C)O1,128.21499999999995,2.354,9.23,0,0,9,0,1,0.3697033097710654,0.0634397757691015,2.883
137,compound-138,C[C@@H](O)CCl,94.541,0.6060000000000001,20.23,1,0,5,1,1,0.3921787579325015,0.0646920914853943,2.586
138,compound-139,C=C(C)C(=O)OCCOCC,158.19699999999995,1.1422,35.53,5,0,11,0,3,0.4598991618578776,0.332687275260266,3.757
139,compound-140,CC(C)(C)c1ccc(O)cc1,150.221,2.689700000000001,20.23,0,1,11,1,1,0.5079666394035982,0.1150955425890133,4.465
140,compound-141,CC(=O)c1ccc(Cl)c(Cl)c1Cl,223.486,3.849400000000001,17.07,1,1,12,0,1,0.2944530666610912,0.160853567621954,5.048
141,compound-142,CCC(C)(O)CC,102.177,1.5574,20.23,2,0,7,1,1,0.3902053852586639,0.0614129514853315,2.182
142,compound-143,ClC=C(Cl)Cl,131.389,2.5017000000000005,0.0,0,0,5,0,0,0.1176031867403948,0.0903590844896965,3.474
143,compound-144,CCOCC,74.12299999999999,1.0428000000000002,9.23,2,0,5,0,1,0.3820258357826421,0.0437084125246928,1.462
144,compound-145,CCOC(=O)c1ccccc1O,166.176,1.5689,46.53,2,1,12,1,3,0.5070527991696192,0.3413977983896268,3.914
145,compound-146,CN(C)C(=O)Nc1ccc(Cl)c(Cl)c1,233.098,3.0869000000000018,32.34,1,1,14,1,1,0.3306530379179029,0.3208174549548312,4.215
146,compound-147,C1OCOCO1,90.078,-0.0776999999999999,27.69,0,0,6,0,3,0.3291944303103015,0.1519595955787762,1.18
147,compound-148,ClC(Cl)C(Cl)Cl,167.85,2.5938000000000008,0.0,1,0,6,0,0,0.1373436125313979,0.1023649901934849,3.917
148,compound-149,CNc1ccc(F)cc1,125.146,1.8674,12.03,1,1,9,1,1,0.3881193177646666,0.1228590709697554,3.513
149,compound-150,CC[C@@H](C)c1cc([N+](=O)[O-])cc([N+](=O)[O-])c1O,240.215,2.7221,106.51,4,1,17,1,5,0.5018875394209572,0.3173696716943812,5.652
150,compound-151,O=Cc1ccc(Cl)cc1,140.569,2.1525,17.07,1,1,9,0,1,0.2978963972781543,0.1495497590227355,4.804
151,compound-152,CCCCOC(=O)c1ccccc1C(=O)OCCCC,278.348,3.600400000000003,52.60000000000001,8,1,20,0,4,0.4620783967394106,0.3385059645525906,5.445
152,compound-153,Cc1ccc(C)c(C)c1,120.19499999999998,2.611860000000001,0.0,0,1,9,0,0,0.0590430139440344,0.0395015620935444,4.192
153,compound-154,CCCCCCCCCCO,158.285,3.119400000000001,20.23,8,0,11,1,1,0.3963765693422825,0.043052407228889,4.818
154,compound-155,CCCCOC(=O)c1ccc(C(=O)OCCCC)cc1,278.348,3.600400000000003,52.60000000000001,8,1,20,0,4,0.4620972965702901,0.3376180120346106,5.674
155,compound-156,CCCCCCOC(C)=O,144.214,2.1298000000000004,26.3,5,0,10,0,2,0.4658776866736628,0.3021228679260941,4.516
156,compound-157,COc1ccc(O)cc1,124.13899999999998,1.4007999999999998,29.46,1,1,9,1,2,0.5079622349506875,0.1186288464696026,3.053
157,compound-158,C/C=C/C=C/C,82.146,2.1386000000000003,0.0,1,0,6,0,0,0.0876723036549672,0.0466784964343766,3.614
158,compound-159,C=CCCCCCCC=C,138.254,3.6990000000000025,0.0,7,0,10,0,0,0.1030829789362615,0.0353412916380871,5.678
159,compound-160,CC/C=C\CCO,100.161,1.335,20.23,3,0,7,1,1,0.3960544779845276,0.0465021311148367,2.42
160,compound-161,Cc1ccc([N+](=O)[O-])cc1[N+](=O)[O-],182.135,1.81142,86.28,2,1,13,0,4,0.2786703841060921,0.258305976280152,3.876
161,compound-162,c1cc2c3c(cccc3c1)CC2,154.21199999999996,2.938400000000001,0.0,0,2,12,0,0,0.0613547857196333,0.0119578821432571,4.95
162,compound-163,C#C[C@@H](C)O,70.091,0.0003999999999999,20.23,0,0,5,1,1,0.3806894310661223,0.1112111588352996,3.777
163,compound-164,c1ccc(-c2cccc(-c3ccccc3)n2)cc1,231.298,4.415600000000003,12.89,2,3,18,0,1,0.2477980524125802,0.0709010497358516,6.042
164,compound-165,Nc1ccc(O)c([N+](=O)[O-])c1,154.12499999999997,0.8826,89.39,1,1,11,2,4,0.5020908661799127,0.3122479296387536,3.629
165,compound-166,O=[N+]([O-])c1ccc(O)c([N+](=O)[O-])c1,184.107,1.2086,106.51000000000002,2,1,13,1,5,0.5020866322914874,0.3170627212663399,4.228
166,compound-167,CCCCCCCCC(C)=O,156.269,3.3260000000000023,17.07,7,0,11,0,1,0.300031023494696,0.1293399502822748,4.51
167,compound-168,C#C[C@](C)(O)CC,98.145,0.7806,20.23,1,0,7,1,1,0.3779327525301874,0.1217247808930599,1.906
168,compound-169,COc1ccc(C(C)=O)c(O)c1,166.176,1.6034,46.53,2,1,12,1,3,0.5070545801462027,0.1630184534171323,3.379
169,compound-170,CCCCCO,88.15,1.1689,20.23,3,0,6,1,1,0.3963765707960063,0.0430522334535721,2.272
170,compound-171,CN(C)c1ccccc1,121.18299999999998,1.7526,3.24,1,1,9,0,1,0.3776614787127546,0.0360487258155562,3.19
171,compound-172,ClC(Cl)=C(Cl)C(Cl)=C(Cl)Cl,260.76200000000006,4.7574,0.0,1,0,10,0,0,0.1265291725972173,0.0799846936436969,6.462
172,compound-173,C#C[C@H](O)CCCC,112.172,1.1707,20.23,3,0,8,1,1,0.380395625856092,0.1140083207980241,4.804
173,compound-174,c1ccccc1,78.11399999999999,1.6866,0.0,0,1,6,0,0,0.0622685707820924,0.0622685707820924,3.502
174,compound-175,C=CC(=O)OCC(C)C,128.17099999999996,1.3716000000000002,26.3,3,0,9,0,2,0.4622729123632779,0.3296476988477212,4.786
175,compound-176,N#Cc1cc(Cl)ccc1N,152.584,1.79388,49.81,0,1,10,1,2,0.3976561719184778,0.1013465476444913,3.727
176,compound-177,Nc1ccc([N+](=O)[O-])cc1,138.126,1.1769999999999998,69.16,1,1,10,1,3,0.3987220829005812,0.2690748004302891,3.043
177,compound-178,COC(=O)c1ccc(C#N)cc1,161.16,1.34488,50.09,1,1,12,0,3,0.4654175150770369,0.337342918246414,3.537
178,compound-179,N#Cc1ccccn1,104.11199999999997,0.95328,36.68,0,1,8,0,2,0.2455722835386355,0.1399318192047749,2.04915
179,compound-180,Cc1ccccn1,93.129,1.39002,12.89,0,1,7,0,1,0.2616124249449184,0.0372146527339204,2.016
180,compound-181,O=[N+]([O-])c1cccc(Cl)c1,157.55599999999998,2.2482000000000006,43.14,1,1,10,0,2,0.2704139797948705,0.2583088885799244,3.924
181,compound-182,CNC(=O)Oc1cccc2ccccc12,201.225,2.558,38.33,1,2,15,1,2,0.4118597328988006,0.4096970676079811,4.362
182,compound-183,ClCCCCCCl,141.041,2.6343000000000014,0.0,4,0,7,0,0,0.1267169638113298,0.0222962794648497,3.746
183,compound-184,CCCSCCC,118.245,2.539600000000001,0.0,4,0,7,0,1,0.1620292674116231,0.0070166870604057,3.735
184,compound-185,c1ccncc1,79.10199999999999,1.0816,12.89,0,1,6,0,1,0.264736970888988,0.0267287682952611,2.9
185,compound-186,CCCCOC(=O)CCC(=O)OCCCC,230.30399999999997,2.4532000000000007,52.60000000000001,9,0,16,0,4,0.4656637350766014,0.3058705276665661,4.713
186,compound-187,CCCC[C@@H](CC)CO,130.231,2.1951,20.23,5,0,9,1,1,0.3960883514176953,0.045866245954964,3.664
187,compound-188,CCCc1ccc(O)cc1,136.19400000000002,2.3447000000000005,20.23,2,1,10,1,1,0.5079666452523571,0.1150948401072005,4.093
188,compound-189,Cc1ccc(N)cc1,107.156,1.57722,26.02,0,1,8,1,1,0.3987285645842667,0.0313672481681462,2.827
189,compound-190,c1cc(CCc2ccncc2)ccn1,184.242,2.2618,25.78,3,2,14,0,2,0.2647162708331316,0.0270036716662761,3.086
190,compound-191,CCCCCCCCc1ccc(N)cc1,205.345,4.171800000000004,26.02,7,1,15,1,1,0.3987285623674986,0.0313675979799461,6.233
191,compound-192,C1COCCO1,88.106,0.0332,18.46,0,0,6,0,2,0.3766676360734525,0.0701143954655702,0.932
192,compound-193,N#Cc1ccccn1,104.11199999999997,0.95328,36.68,0,1,8,0,2,0.2455722835386355,0.1399318192047749,2.157
193,compound-194,CNC(=O)Oc1ccc(N(C)C)c(C)c1,208.261,1.77922,41.57,2,1,15,1,3,0.4118385140368224,0.410352856237152,5.029
194,compound-195,CC/C=C/CCO,100.161,1.335,20.23,3,0,7,1,1,0.3960544779845276,0.0465021311148367,2.568
195,compound-196,Cc1ccc(N)c(Cl)c1,141.601,2.23062,26.02,0,1,9,1,1,0.39752269329784,0.063755170991474,3.596
196,compound-197,C#CCN(CC#C)CC#C,131.178,0.1880000000000001,3.24,3,0,10,0,1,0.2700557370089387,0.0616224023183039,2.647
197,compound-198,CCc1ccc(O)cc1,122.167,1.9546,20.23,1,1,9,1,1,0.5079666452633226,0.1150948373492233,4.07
198,compound-199,Cc1cocn1,83.09,0.98302,26.03,0,1,6,0,2,0.4515083812154984,0.1801867107257259,1.777
199,compound-200,C=CCc1ccccc1O,134.178,2.1207,20.23,2,1,10,1,1,0.5076639849514977,0.1185785320070232,3.951
200,compound-201,CCCCCCCCCCN,157.301,3.0858000000000017,26.02,8,0,11,1,1,0.3304735039634225,0.0077275467039627,5.184
201,compound-202,NC(=O)c1ccc([N+](=O)[O-])cc1,166.136,0.6937,86.23,2,1,12,1,3,0.3655994540080142,0.2689715324065644,3.097
202,compound-203,C#C[C@](C)(O)CCC(C)C,140.226,1.8068,20.23,3,0,10,1,1,0.3779214212728471,0.1219969679841466,3.457
203,compound-204,c1ccc(SSc2ccccc2)cc1,218.346,4.486000000000002,0.0,3,2,14,0,2,0.0621883776101077,0.0185772451274709,6.298
204,compound-205,CCCCCCBr,165.07399999999998,2.9616000000000016,0.0,4,0,7,0,0,0.0928078039930126,0.0031253010234603,4.68
205,compound-206,C=C(C)C(=O)OCc1ccccc1,176.21499999999995,2.3059000000000003,26.3,3,1,13,0,2,0.4574800773015613,0.3329408148703918,4.577
206,compound-207,Nc1cccc(OCc2ccccc2)c1,199.253,2.8478000000000003,35.25,3,2,15,1,2,0.4888369124284183,0.1213642677773161,4.307
207,compound-208,CCCCCC(C)=O,114.188,2.1557000000000004,17.07,4,0,8,0,1,0.3000310235003908,0.1293399488649191,2.939
208,compound-209,BrCCCBr,201.889,2.166300000000001,0.0,2,0,5,0,0,0.0927765424093879,0.0039205181542145,4.985
209,compound-210,N#Cc1cccc(C(F)(F)F)c1,171.12099999999998,2.5770800000000005,23.79,0,1,12,0,1,0.4159545305370403,0.1924368338589569,3.555
210,compound-211,Oc1cccnc1Cl,129.546,1.4406,33.120000000000005,0,1,8,1,2,0.5047309628230707,0.1702905388504355,2.319
211,compound-212,CCCCCCCCOc1ccccc1NC(C)=O,263.38100000000003,4.384300000000003,38.33,9,1,19,1,2,0.4914126425684815,0.2208495378166132,5.767
212,compound-213,COc1cccc(OC)c1C,152.19299999999998,2.01222,18.46,2,1,11,0,2,0.4963449777274835,0.1249662893789092,3.877
213,compound-214,C[C@@H](O)CC(C)(C)O,118.17599999999996,0.5282,40.46,2,0,8,2,2,0.3933060128156289,0.0615773208732198,1.043
214,compound-215,Cc1cc([N+](=O)[O-])cc([N+](=O)[O-])c1O,198.134,1.5170199999999996,106.51,2,1,14,1,5,0.5019019826977436,0.3173469951831239,5.059
215,compound-216,O=Cc1cccnc1,107.11199999999998,0.8940999999999999,29.96,1,1,8,0,2,0.2978351608719406,0.1510988527946625,3.815
216,compound-217,CC(=O)C(C)(C)C,100.161,1.6215,17.07,0,0,7,0,1,0.2994356871699787,0.1346329099598094,3.061
217,compound-218,C=Cc1ccc(C(C)(C)C)cc1,160.25999999999996,3.627100000000002,0.0,1,1,12,0,0,0.098470047453246,0.0131847073007997,5.515
218,compound-219,CCCCOC(C)=O,116.16,1.3496,26.3,3,0,8,0,2,0.465877873906326,0.3021228665755719,3.81
219,compound-220,C=CC[C@H](O)C=C,98.145,1.1094,20.23,3,0,7,1,1,0.3887354080986583,0.0752118642396655,3.411
220,compound-221,CCCCCCCN,115.22,1.9155,26.02,5,0,8,1,1,0.3304735039634324,0.0077275467092453,3.723
221,compound-222,CC(C)(C)CN,87.16600000000001,0.9912,26.02,0,0,6,1,1,0.3299516884213084,0.0028465567813601,2.264
222,compound-223,COC(=O)c1cc(Cl)ccc1Cl,205.04,2.780000000000001,26.3,1,1,12,0,2,0.4653784669672094,0.3389240411212149,4.166
223,compound-224,COc1cc(O)c(C=O)c(OC)c1,182.175,1.2219,55.760000000000005,3,1,13,1,4,0.5069186075041866,0.157039434041196,4.832
224,compound-225,O=C(c1ccccc1)c1ccccc1,182.222,2.917600000000001,17.07,2,2,14,0,1,0.2886159649049109,0.1925196653354076,4.093
225,compound-226,CCOC(=O)c1ccccc1C(=O)OCC,222.23999999999995,2.04,52.60000000000001,4,1,16,0,4,0.462372421938292,0.3384958727330426,3.845
226,compound-227,O=Cc1cc([N+](=O)[O-])ccc1Cl,185.566,2.0607,60.21,2,1,12,0,3,0.2978338477955085,0.2697477933105999,4.681
227,compound-228,O=Cc1ccc([N+](=O)[O-])cc1,151.121,1.4073,60.21,2,1,11,0,3,0.2978963409333525,0.2689687400229398,4.175
228,compound-229,CCCCCCCCCN,143.274,2.6957000000000013,26.02,7,0,10,1,1,0.3304735039634225,0.0077275467039627,4.822
229,compound-230,Cc1ccc(O)c(C)c1,122.16699999999996,2.00904,20.23,0,1,9,1,1,0.5076869366940918,0.1179993234178107,3.866
230,compound-231,CC(C)(O)C(F)(F)C(F)F,160.11,1.6577,20.23,2,0,10,1,1,0.3839486059767938,0.3342744042655285,2.439
231,compound-232,CC(=O)CC(=O)c1ccccc1,162.18799999999996,1.8484,34.14,3,1,12,0,2,0.2995226630383732,0.1697123724700824,5.169
232,compound-233,Clc1ccc(Cl)cc1,147.00400000000002,2.9934000000000003,0.0,0,1,8,0,0,0.0843426977817943,0.0406527505452687,4.561
233,compound-234,CC(=O)C(C)C,86.134,1.2314,17.07,1,0,6,0,1,0.2997396385899406,0.1318534622268426,2.0
234,compound-235,CC(C)CO,74.123,0.6347,20.23,1,0,5,1,1,0.3961098438374691,0.0453488037875541,1.714
235,compound-236,C=CC(=O)OC[C@H](C)O,130.14299999999997,0.0963999999999998,46.53,3,0,9,1,3,0.4598038448400812,0.3297328055868455,4.59
236,compound-237,OC1CCCCC1,100.161,1.3114,20.23,0,0,7,1,1,0.3931313824678402,0.0539847748448125,2.153
237,compound-238,OCC(Cl)(Cl)Cl,149.404,1.3489,20.23,0,0,6,1,1,0.3919247966405755,0.2127517643059035,2.699
238,compound-239,CC1(C)CC(=O)CC(=O)C1,140.182,1.3347,34.14,0,0,10,0,2,0.2992006719204662,0.1403006388616666,4.002
239,compound-240,CCC(=O)c1ccc(N)cc1,149.19299999999998,1.8615,43.09,2,1,11,1,2,0.3987282346589577,0.1620995840336685,3.009
240,compound-241,CCN(CC)c1ccc(C=O)cc1,177.247,2.3453,20.31,4,1,13,0,2,0.3720916339644403,0.149550589727646,3.87
241,compound-242,CS(C)=O,78.136,-0.0052999999999999,17.07,0,0,4,0,1,0.2601579626577377,0.0148042140882218,0.362
242,compound-243,CCSCCCCSCC,178.366,3.272800000000002,0.0,7,0,10,0,2,0.1622954545913374,0.0067347515011765,4.469
243,compound-244,C=CC(=O)OCCO,116.116,-0.2921,46.53,3,0,8,1,3,0.4601014173818816,0.3297221895423998,4.384
244,compound-245,C1CCOC1,72.107,0.7968000000000001,9.23,0,0,5,0,1,0.3814493819627182,0.0466381698498417,1.523
245,compound-246,c1ccc(CC2=NCCN2)cc1,160.22,1.2308,24.39,2,1,12,1,2,0.3716997388136207,0.1008390662575801,2.745
246,compound-247,COc1cccc(C=O)c1O,152.14899999999997,1.2133,46.53,2,1,11,1,3,0.5037612132333203,0.1678757590107854,4.3209
247,compound-248,C=C[C@@H](Cl)CCl,124.998,2.0186,0.0,2,0,6,0,0,0.1247635493295645,0.0648372608011419,4.184
248,compound-249,Cc1cccc([N+](=O)[O-])c1,137.13799999999998,1.90322,43.14,1,1,10,0,2,0.2691872870878232,0.2583094947010551,3.728
249,compound-250,Oc1cccnc1Br,173.997,1.5497,33.120000000000005,0,1,8,1,2,0.505112494518648,0.1478495787140061,2.569
250,compound-251,COC(=O)c1ccc(C(=O)OC)c([N+](=O)[O-])c1,239.18299999999996,1.168,95.74,3,1,17,0,6,0.4654144713370232,0.3443887263781798,4.564
251,compound-252,CCCCCCCCCCCC#N,181.323,4.430880000000004,23.79,9,0,13,0,1,0.1983473916881687,0.0621245096332805,5.625
252,compound-253,C[C@H]1CNC[C@H](C)O1,115.176,0.3832,21.26,0,0,8,1,2,0.3729250938990799,0.0675157626886292,2.474
253,compound-254,Oc1ccc(Cl)cc1,128.558,2.0456,20.23,0,1,8,1,1,0.5079651858460357,0.115179759988827,4.323
254,compound-255,COC(C)(C)C,88.14999999999999,1.4313,9.23,0,0,6,0,1,0.3791035972502146,0.0594252076440529,2.118
255,compound-256,CC(C)CC=O,86.134,1.2314,17.07,2,0,6,0,1,0.3033918831660733,0.1197457106441768,4.424
256,compound-257,Nc1ccc(Cl)c(Cl)c1Cl,196.464,3.229,26.02,0,1,10,1,1,0.3974774171013818,0.083624474450472,4.733
257,compound-258,NC(=O)c1c(Cl)cccc1Cl,190.029,2.0923,43.09,1,1,11,1,1,0.3655067734072629,0.251232508938372,2.608
258,compound-259,CCCCCCCCCc1ccc(O)cc1,220.35599999999997,4.685300000000004,20.23,8,1,16,1,1,0.5079666452523371,0.1150948401177036,6.2
259,compound-260,Clc1cc(Cl)c(Cl)cc1Cl,215.894,4.3002,0.0,0,1,10,0,0,0.0826554795968694,0.0607694538849629,5.801
260,compound-261,Cc1ccncc1,93.12899999999998,1.39002,12.89,0,1,7,0,1,0.2647166344741127,0.0269930048234263,2.364
261,compound-262,Oc1cc(Cl)c(Cl)cc1O,179.002,2.4046000000000007,40.46,0,1,10,2,2,0.5042231259973743,0.1585008886952695,5.303
262,compound-263,O=[N+]([O-])c1ccccc1,123.11099999999996,1.5948,43.14,1,1,9,0,2,0.2689216270439584,0.2583096384435056,3.015
263,compound-264,CCOP(=O)(Cc1ccccc1)OCC,228.228,3.452700000000002,35.53,6,1,15,0,3,0.3345035801830338,0.3086390633073608,2.832
264,compound-265,CCCCCCCCCC(C)=O,170.296,3.716100000000002,17.07,8,0,12,0,1,0.300031023494696,0.1293399502822748,5.055
265,compound-266,CCCCCCCCCCCCCN,199.38199999999995,4.256100000000004,26.02,11,0,14,1,1,0.3304735039634225,0.0077275467039627,6.484
266,compound-267,Oc1ccccc1,94.113,1.3922,20.23,0,1,7,1,1,0.5079669948663066,0.1150748194752797,3.46
267,compound-268,OCCCl,80.51400000000001,0.2174999999999999,20.23,1,0,4,1,1,0.3951383143442885,0.0566298780724773,3.176
268,compound-269,CCc1ccc(C)nc1,121.183,1.95242,12.89,1,1,9,0,1,0.2613241332682575,0.0372366799611105,3.174
269,compound-270,COc1cc(OC)c(OC)cc1C=O,196.202,1.5249,44.760000000000005,4,1,14,0,4,0.4958635231809657,0.1639550900910765,3.598
270,compound-271,CCC(C)(C)c1ccc(O)cc1,164.248,3.079800000000001,20.23,2,1,12,1,1,0.5079666393925067,0.1150955453779064,4.801
271,compound-272,CCC(=O)CC,86.134,1.3755,17.07,2,0,6,0,1,0.2997406513908195,0.1318615217296646,1.747
272,compound-273,c1ccc2c(c1)CCO2,120.15099999999998,1.6215,9.23,0,1,9,0,1,0.4929594843455035,0.1221200270405636,3.167
273,compound-274,Nc1ccc([N+](=O)[O-])cc1Cl,172.571,1.8304,69.16,1,1,11,1,3,0.3975160549785139,0.2705700246765753,3.934
274,compound-275,O=C(c1ccc(Br)cc1)c1cccnc1,262.106,3.0751000000000017,29.96,2,2,15,0,2,0.2885538470044521,0.1940715807953122,4.109
275,compound-276,Oc1ccccc1Cl,128.558,2.0456,20.23,0,1,8,1,1,0.5063956313983089,0.1336666127516891,4.052
276,compound-277,Cc1ccccc1C=O,120.15099999999998,1.80752,17.07,1,1,9,0,1,0.2978855399676184,0.1498150948923804,3.356
277,compound-278,C=Cc1ccccc1,104.152,2.3296,0.0,1,1,8,0,0,0.0984700500401651,0.0262557893778424,4.41
278,compound-279,Nc1ccc(Cl)cc1,127.574,1.9222,26.02,0,1,8,1,1,0.3987274473310653,0.0406994785197214,3.609
279,compound-280,CCCCCCCO,116.204,1.9491,20.23,5,0,8,1,1,0.3963765693422927,0.0430524072235813,3.527
280,compound-281,C#C[C@@](C)(O)C(C)C,112.17199999999998,1.0266,20.23,1,0,8,1,1,0.3776484932773972,0.1242375735745817,2.738
281,compound-282,CCC(=O)Nc1ccc(Cl)c(Cl)c1,218.083,3.3419000000000016,29.1,2,1,13,1,1,0.3260519471453987,0.2235910028039518,4.405
282,compound-283,CN1CCC[C@@H]1c1cccnc1.CN1CCC[C@@H]1c1cccnc1.O=S(=O)(O)O,422.5510000000001,3.043800000000001,106.86,2,2,29,2,6,0.3943465294963554,0.2993071487901656,4.486
283,compound-284,Nc1ccc(Br)cc1,172.025,2.0313,26.02,0,1,8,1,1,0.39872778567861,0.0314268598405089,3.559
284,compound-285,Oc1c(Cl)cc(Cl)cc1Cl,197.448,3.3524000000000003,20.23,0,1,10,1,1,0.5048259317440998,0.1523601196325953,4.606
285,compound-286,C=C(C)C(=C)C,82.146,2.1386000000000003,0.0,1,0,6,0,0,0.0958700950183344,0.0401210568686389,4.075
286,compound-287,c1ccoc1,68.075,1.2796,13.14,0,1,5,0,1,0.4726377692765221,0.0902023545085363,3.048
287,compound-288,c1ccc(Nc2ccccc2)cc1,169.227,3.430200000000002,12.03,2,2,13,1,1,0.3555271921456535,0.0383701366953933,4.65
288,compound-289,CC(=O)c1cccn1C,123.15499999999996,1.2277,22.0,1,1,9,0,2,0.348194217989054,0.1756216951472691,2.895
289,compound-290,CCCCN,73.139,0.7452000000000001,26.02,2,0,5,1,1,0.3304736813706357,0.0077376425064202,2.437
290,compound-291,Oc1c(Cl)cc(Cl)c(Cl)c1Cl,231.893,4.0058,20.23,0,1,11,1,1,0.5047815553822836,0.1539060715781891,5.352
291,compound-292,c1cc[nH]c1,67.091,1.0147,15.79,0,1,5,1,0,0.3676367128834121,0.0004958447284679,2.504
292,compound-293,CC(C)c1cccc(C(C)C)c1N,177.29099999999997,3.5156000000000027,26.02,2,1,13,1,1,0.3982654958712662,0.0383896590439538,4.064
293,compound-294,C#CC[C@H](C)O,84.118,0.3905,20.23,1,0,6,1,1,0.392427134034663,0.0620698099081844,3.38
294,compound-295,CCc1cccc(CC)c1N(COC)C(=O)CCl,269.77199999999993,2.9871000000000016,29.54,6,1,18,0,2,0.3638897980693819,0.2433161221761226,4.733
295,compound-296,CCCCCCCCCCCN,171.32799999999995,3.475900000000001,26.02,9,0,12,1,1,0.3304735039634225,0.0077275467039627,5.912
296,compound-297,COCCN,75.11099999999999,-0.4084999999999998,35.25,2,0,5,1,2,0.3833784942275812,0.0584441372276568,2.156
297,compound-298,Brc1nc(Br)c(Br)[nH]1,304.76699999999994,2.6972,28.68,0,1,8,1,1,0.3262666708655111,0.1759340116064453,4.697
298,compound-299,Fc1ccc(Oc2ccc(F)cc2)cc1,206.191,3.757100000000002,9.23,2,2,15,0,1,0.4573773732936515,0.1271358175847237,5.261
299,compound-300,BrC(Br)c1ccccc1C(Br)Br,421.752,5.263400000000002,0.0,2,1,12,0,0,0.0949367856038769,0.0711830800364523,5.985
300,compound-301,CC(Cl)(Cl)Cl,133.405,2.3765,0.0,0,0,5,0,0,0.1873821853498865,0.0840134511428574,3.45
301,compound-302,Cc1ccc(Cl)c(Cl)c1,161.031,3.301820000000001,0.0,0,1,9,0,0,0.0827128462813607,0.0594441330320159,4.743
302,compound-303,Clc1cccc(Cl)c1C(Cl)Cl,229.921,4.469600000000001,0.0,1,1,11,0,0,0.13517643543957,0.0999473849767991,5.375
303,compound-304,CCc1ccccc1,106.168,2.249000000000001,0.0,1,1,8,0,0,0.0622487416550616,0.0307440828251019,4.005
304,compound-305,CCC(C)=O,72.107,0.9854,17.07,1,0,5,0,1,0.3000423849594125,0.1290650325260376,1.35
305,compound-306,Oc1ccc(Cl)cc1Cl,163.003,2.6990000000000007,20.23,0,1,9,1,1,0.5063937792446614,0.1337734077298626,4.323
306,compound-307,Nc1ccccc1C(=O)c1ccc(Cl)cc1,231.682,3.153200000000002,43.09,2,2,16,1,2,0.3981289924965981,0.1945928284388951,5.039
307,compound-308,CC(=O)OC(C)(C)C,116.15999999999998,1.348,26.3,0,0,8,0,2,0.4601506704482133,0.3026461161791004,2.551
308,compound-309,CN(C)c1ccc(/C=C/C=O)cc1,175.231,1.9647,20.31,3,1,13,0,2,0.3776609098891941,0.1423572314425409,4.473
309,compound-310,O=Cc1cccc(C(F)(F)F)c1,174.12099999999998,2.517900000000001,17.07,1,1,12,0,1,0.4159328158798201,0.2978961844985869,5.275
310,compound-311,O=[N+]([O-])c1ccc(O)cc1C(F)(F)F,207.107,2.3192000000000004,63.370000000000005,1,1,14,1,3,0.5079416018252678,0.4226355946334402,4.355
311,compound-312,O=[N+]([O-])c1ccccc1Cl,157.55599999999998,2.2482000000000006,43.14,1,1,10,0,2,0.2873708938075528,0.2582632573704161,3.73
312,compound-313,Oc1ccc(/N=N/c2ccccc2)cc1,198.22500000000005,3.8076000000000025,44.95,2,2,15,1,3,0.5079642754871322,0.1152323114805481,5.229
313,compound-314,O=[N+]([O-])c1cccc([N+](=O)[O-])c1O,184.107,1.2086000000000003,106.51000000000002,2,1,13,1,5,0.4973135251578814,0.3175497390905027,24.5622
314,compound-315,Cc1ccc(C)o1,96.129,1.89644,13.14,0,1,7,0,1,0.4666914135013632,0.1005787079731031,3.131
315,compound-316,O=Cc1c(F)c(F)c(F)c(F)c1F,196.074,2.1946000000000003,17.07,1,1,13,0,1,0.2976615179993368,0.2000692222984461,5.251
316,compound-317,O=[N+]([O-])c1cccc([N+](=O)[O-])c1O,184.107,1.2086000000000003,106.51000000000002,2,1,13,1,5,0.4973135251578814,0.3175497390905027,3.2994
317,compound-318,CCCCCCN,101.193,1.5254000000000003,26.02,4,0,7,1,1,0.330473503968813,0.0077275480879099,3.253
318,compound-319,CCOCCOC(C)=O,132.159,0.586,35.53,4,0,9,0,3,0.4634225482788649,0.3022073008453581,3.496
319,compound-320,OC(c1ccc(Cl)cc1)(c1ccc(Cl)cc1)C(Cl)(Cl)Cl,370.49,5.599500000000002,20.23,2,2,20,1,1,0.3758393977853581,0.2265872716614569,5.788
320,compound-321,CCCCCC[C@@H](C)N,129.247,2.3040000000000003,26.02,5,0,9,1,1,0.3279874920366555,0.0010432061602494,4.403
321,compound-322,O=S(Cc1ccccc1)Cc1ccccc1,230.332,3.1355000000000013,17.07,4,2,16,0,1,0.258895520880118,0.0488548793501735,3.459
322,compound-323,Oc1c(Cl)cc(Cl)c(Cl)c1Cc1c(O)c(Cl)cc(Cl)c1Cl,406.907,6.609000000000002,40.46,2,2,21,2,2,0.5060328164669213,0.1387947182482227,7.287
323,compound-324,CC(=O)/C=C/C1=C(C)CCCC1(C)C,192.302,3.6582000000000026,17.07,2,0,14,0,1,0.2951807665268281,0.1521232870648674,4.577
324,compound-325,COc1cc(C=O)ccc1O,152.14899999999997,1.2133,46.53,2,1,11,1,3,0.5042543227773111,0.1606893236526211,3.259
325,compound-326,CCCCCCCCO,130.231,2.3392,20.23,6,0,9,1,1,0.3963765693422825,0.0430524072288793,3.983
326,compound-327,Cc1ccccc1C#N,117.15099999999995,1.8667,23.79,0,1,9,0,1,0.1924265287224701,0.0993901975525077,3.418
327,compound-328,Oc1cc(Cl)c(Cl)c(Cl)c1Cl,231.893,4.0058,20.23,0,1,11,1,1,0.506280155911067,0.1367949681885226,5.752
328,compound-329,OCCN(CCO)c1ccccc1,181.235,0.4775999999999998,43.7,5,1,13,2,3,0.3945362592337094,0.0606170264845368,2.392
329,compound-330,Oc1c(Br)c(Br)c(Br)c(Br)c1Br,488.593,5.204700000000001,20.23,0,1,12,1,1,0.5054933536425348,0.1458087725568128,6.72
330,compound-331,CC(C)c1ccc(C=O)cc1,148.20499999999998,2.6225000000000005,17.07,2,1,11,0,1,0.2978964088451518,0.1495483659884389,4.35
331,compound-332,NC(=O)c1ccc(Cl)cc1Cl,190.029,2.0923,43.09,1,1,11,1,1,0.3655532293799516,0.2497123775815779,3.298
332,compound-333,CC(C)(O)C(Cl)(Cl)Cl,177.458,2.127500000000001,20.23,0,0,8,1,1,0.3860052507736082,0.2177091803875139,3.119
333,compound-334,CCNCCO,89.138,-0.4118000000000001,32.26,3,0,6,2,2,0.3950544582455796,0.0555434703836621,1.78
334,compound-335,c1ccc(Oc2ccccc2)cc1,170.211,3.478900000000002,9.23,2,2,13,0,1,0.4573845977458952,0.1269277489093993,4.629
335,compound-336,CC(C)(C)SC(C)(C)C,146.29899999999998,3.316600000000002,0.0,0,0,9,0,1,0.1500775988560486,0.0080307811986395,3.701
336,compound-337,O=Cc1ccccc1O,122.12299999999996,1.2047,37.3,1,1,9,1,2,0.5072100278982061,0.1532681322488156,4.726
337,compound-338,CC(C)(C)CC(C)(C)N,129.247,2.1599000000000004,26.02,1,0,9,1,1,0.3255416173201797,0.0101982515920486,3.721
338,compound-339,O=C(Oc1ccccc1)c1ccccc1O,214.22,2.6114000000000006,46.53,2,2,16,1,3,0.5070525222360159,0.3468118641435122,5.259
339,compound-340,Nc1ccc(F)cc1,111.119,1.4079000000000002,26.02,0,1,8,1,1,0.3987260786638386,0.1228588428004865,3.818
340,compound-341,O=c1cc(-c2ccccc2)oc2ccccc12,222.243,3.4600000000000017,30.21,1,3,17,0,2,0.4558199464466406,0.1928162003900731,4.803
341,compound-342,CCOc1ccc(N)c([N+](=O)[O-])c1,182.179,1.5757,78.39,3,1,13,1,4,0.4936205302402744,0.2953082274568122,3.846
342,compound-343,O=Cc1ccc(Cl)cc1Cl,175.01399999999998,2.805900000000001,17.07,1,1,10,0,1,0.2978384208560953,0.1510498546521371,4.988
343,compound-344,CCCCOC(=O)CCCCC(=O)OCCCC,258.3579999999999,3.2334000000000023,52.60000000000001,11,0,18,0,4,0.4656751905951805,0.3052777456317892,4.851
344,compound-345,Oc1ccccc1-c1ccccc1,170.21099999999998,3.059200000000001,20.23,1,2,13,1,1,0.5073115203655634,0.1228983767303328,4.442
345,compound-346,O=C(/C=C/C=C/c1ccc2c(c1)OCO2)N1CCCCC1,285.343,2.997200000000002,38.77,3,1,21,0,3,0.4535950776302087,0.2460491426760078,4.561
346,compound-347,COc1ccccc1C(N)=O,151.16499999999996,0.7941,52.32,2,1,11,1,2,0.4959246063561634,0.2519618408238182,3.1
347,compound-348,Cc1ccc(O)cc1,108.14,1.70062,20.23,0,1,8,1,1,0.5079666481555334,0.1150944889513926,3.815
348,compound-349,CCN(CCO)c1cccc(C)c1,179.26299999999995,1.81362,23.47,4,1,13,1,2,0.3945362764227956,0.0606149866227065,3.53
349,compound-350,CC(C)SSC(C)C,150.31199999999998,3.184600000000001,0.0,3,0,8,0,2,0.0910425910227462,0.0094497234081453,4.257
350,compound-351,CCCCCCCCCCCC(C)=O,198.35,4.496300000000004,17.07,10,0,14,0,1,0.300031023494696,0.1293399502822748,5.742
351,compound-352,O=Cc1c(F)cccc1Cl,158.55899999999997,2.2916,17.07,1,1,10,0,1,0.2977230144373962,0.1540067976077095,4.227
352,compound-353,COC(=O)c1ccc(O)cc1O,168.148,0.8843999999999999,66.76,1,1,12,2,4,0.5078224801400435,0.3411369688083326,3.565
353,compound-354,CCCCOCCCC,130.231,2.603200000000001,9.23,6,0,9,0,1,0.3814528145933262,0.0465432723152332,3.606
354,compound-355,CCCCCC,86.178,2.5866000000000007,0.0,3,0,6,0,0,0.0653823845981235,0.0535787022523684,4.538
355,compound-356,CC(C)OC(C)C,102.17699999999998,1.8198,9.23,2,0,7,0,1,0.3761436759458136,0.0521856210381623,2.114
356,compound-357,O=[N+]([O-])c1cccc([N+](=O)[O-])c1O,184.107,1.2086000000000003,106.51000000000002,2,1,13,1,5,0.4973135251578814,0.3175497390905027,3.666
357,compound-358,CCCCC=O,86.134,1.3755,17.07,3,0,6,0,1,0.3034029096435604,0.1194900211111074,3.824
358,compound-359,C=C(C)C(=O)OCCO,130.14299999999997,0.098,46.53,3,0,9,1,3,0.4599096119587887,0.3326871219576966,2.759
359,compound-360,COc1ccc(C(C)=O)c(OC)c1OC,210.229,1.915,44.760000000000005,4,1,15,0,4,0.4927145513143608,0.2035310965151021,3.024
360,compound-361,CC[C@@H](C)O,74.12299999999999,0.7772,20.23,1,0,5,1,1,0.3934300872216237,0.050903904353539,1.305
361,compound-362,CCc1ccccn1,107.156,1.644,12.89,1,1,8,0,1,0.2613274260157389,0.040036012933263,2.413
362,compound-363,CCOP(=S)(OCC)Oc1cc(C)nc(C(C)C)n1,304.35200000000003,3.5847200000000026,53.47,7,1,19,0,6,0.4055367547130938,0.3813041331392303,4.513
363,compound-364,CCCCCCCC(C)=O,142.24200000000002,2.935900000000001,17.07,6,0,10,0,1,0.300031023494696,0.1293399502822649,3.971
364,compound-365,CC(=O)c1ccccc1,120.15099999999995,1.8892,17.07,1,1,9,0,1,0.2945122071568907,0.1592984965742936,2.87
365,compound-366,Clc1nc(Cl)c(Cl)c(Cl)c1Cl,251.327,4.348599999999999,12.89,0,1,11,0,1,0.2211144121177277,0.1505306501000829,5.728
366,compound-367,C=C(C)[C@H]1Cc2c(ccc3c2O[C@@H]2COc4cc(OC)c(OC)cc4[C@@H]2C3=O)O1,394.4230000000002,3.703300000000002,63.22,3,2,29,0,6,0.4928541654982912,0.1775661445303484,7.88
367,compound-368,Oc1c(O)c(Cl)c(Cl)c(Cl)c1Cl,247.892,3.7114,40.46,0,1,12,2,2,0.5031564068208876,0.1792588029251594,5.29
368,compound-369,Brc1ccccc1Br,235.906,3.2116000000000007,0.0,0,1,8,0,0,0.0610667105133433,0.0316947313655007,4.764
369,compound-370,OC(C(F)(F)F)C(F)(F)F,168.03599999999997,1.4718999999999995,20.23,0,0,10,1,1,0.422901125659,0.3765619053384419,2.839
370,compound-371,ClCC(Cl)CCl,147.43200000000002,2.0714,0.0,2,0,6,0,0,0.1250666872994719,0.0606186120308702,3.408
371,compound-372,ClCCCCCl,127.014,2.2442,0.0,3,0,6,0,0,0.1267162259995788,0.022337404985431,3.391
372,compound-373,CCOc1cc(C=O)ccc1O,166.17599999999996,1.6034,46.53,3,1,12,1,3,0.5042541269718366,0.1611003612321703,3.278
373,compound-374,OCC(F)(F)F,100.039,0.5409999999999999,20.23,0,0,6,1,1,0.4110030046161755,0.386945770759235,2.924
374,compound-375,CC(=O)c1ccncc1,121.13899999999998,1.2842,29.96,1,1,9,0,2,0.2945102061034774,0.1594106327150247,2.858
