,compound_id,smiles,pLC50,MolLogP,LabuteASA,MolMR,MolWt,ExactMolWt,Chi0v,HeavyAtomMolWt,Chi1v,Chi3v,Kappa1,toxicity_category,toxicity_numeric
0,Compound 1,CCOC(C)=O,2.583,0.5694,37.10914470057002,22.30699999999999,88.106,88.052429496,4.023603362114274,80.04199999999999,1.9040302062452237,0.3476006996936919,5.469999999999999,Practically non-toxic,1
1,Compound 2,NC(=O)c1ccccc1,2.263,0.7855000000000001,53.29775803095004,34.95990000000001,121.13899999999995,121.052763844,4.872349905601618,114.08299999999996,2.653482882349704,1.0583068652130645,5.820039011703511,Practically non-toxic,1
2,Compound 3,CCCCC(=O)CCCC,3.662,2.935900000000001,63.82031004304619,44.057000000000016,142.24200000000002,142.135765196,7.150888977583149,124.09799999999996,4.3254444887915735,1.6183377076050265,9.67,Slightly toxic,2
3,Compound 4,CCOc1ccc(C=O)cc1,3.728,1.8978,65.80129679223742,42.99850000000002,150.177,150.06807956,6.410354708062403,140.09699999999998,3.5456506610495397,1.3271866967962749,7.793199174406604,Slightly toxic,2
4,Compound 5,C#C[C@H](O)CCCCC,5.485,1.5608,57.08730497266109,38.98180000000001,126.199,126.104465068,5.9303412586254005,112.08699999999996,3.4509042305871973,1.273501277443943,8.52,Highly toxic,4
5,Compound 6,Cc1c[nH]c2ccccc12,4.171,2.4763200000000003,59.68717018664308,43.03570000000001,131.178,131.073499288,5.88675134594813,122.10599999999998,3.4047005383792524,1.7960823706613525,5.537680730986294,Moderately toxic,3
6,Compound 7,CCCCN(C=O)CCCC,3.246,2.045,69.58014371324954,47.45300000000002,157.25699999999998,157.146664228,7.675452842272733,138.10499999999996,4.540570244549448,1.7468324014673702,10.47,Slightly toxic,2
7,Compound 8,ClCCCl,2.863,1.464,35.71072559598951,21.439999999999998,98.96,97.969005488,3.682000400428458,94.928,2.103567451474546,0.6428571428571428,4.58,Practically non-toxic,1
8,Compound 9,COC(=O)c1ccc(Cl)cc1[N+](=O)[O-],3.891,2.0348,84.39259662722229,49.44590000000001,215.592,214.998535352,7.94615098395197,209.544,3.9602323315742423,1.7968810343411907,10.460775444264945,Slightly toxic,2
9,Compound 10,NC(=O)c1cccc(Br)c1,3.334,1.548,67.16530563659141,42.65990000000001,200.035,198.963275912,6.758960648535925,193.987,3.5461469909346284,1.6023869500837875,7.279051254089422,Slightly toxic,2
10,Compound 11,Nc1ccc(Br)cn1,2.99,1.4263,55.85848940309755,36.3494,173.01300000000003,171.96361026,5.720575684382393,167.97299999999998,2.9518200652716904,1.2193486542725145,5.564589502018842,Practically non-toxic,1
11,Compound 12,C=CCNc1ccccc1,3.569,2.2845000000000004,61.386488614110576,45.12870000000002,133.19399999999996,133.089149352,5.878315177510851,122.10599999999998,3.3307335740439594,1.2243128534939436,6.874155251141552,Slightly toxic,2
12,Compound 13,CCCCCCCCCCc1ccc(N)cc1,6.575,4.952000000000004,106.4207149604758,77.16840000000005,233.399,233.214349864,11.25071237662706,206.183,7.1707025114205525,3.2987244167365315,14.082421972534332,Extremely toxic,5
13,Compound 14,CCCCOP(=O)(OCCCC)OCCCC,4.449,4.544600000000004,105.64386064918796,70.18650000000005,266.3179999999999,266.164695974,12.338594979034257,239.10199999999995,8.178235977364746,3.73828165700556,17.11,Moderately toxic,3
14,Compound 15,Cc1ccccc1O,3.889,1.70062,48.59057898608959,32.843799999999995,108.13999999999996,108.057514876,4.756614672258461,100.07599999999998,2.550957066939605,1.115454155366833,5.162450142450142,Slightly toxic,2
15,Compound 16,CC(C)[C@H](C)N,2.487,0.9895999999999998,39.53891018242869,28.487399999999987,87.166,87.10479941599999,4.732050807568877,74.06199999999998,2.398717474235544,1.0515668461264176,5.959999999999999,Practically non-toxic,1
16,Compound 17,CCCCCCCCCCC(C)=O,5.194,4.106200000000004,82.91513638623601,57.90800000000005,184.323,184.182715388,9.272209321142793,160.13099999999997,5.7647843170117525,2.382392158505876,12.670000000000002,Highly toxic,4
17,Compound 18,Cc1cc(C)c(C#N)c(O)n1,2.975,1.27572,64.93269087729801,40.09080000000002,148.165,148.063662876,6.4189910556895,140.10099999999997,3.221777460189542,1.4373962253519563,7.545932203389831,Practically non-toxic,1
18,Compound 19,ClC(Cl)Cl,3.228,1.9864,39.64904970847457,21.347,119.378,117.914383072,3.979030526272671,118.37,1.963961012123932,0.0,4.87,Slightly toxic,2
19,Compound 20,COc1ccc(C=O)c(OC)c1,3.917,1.5162999999999998,70.9148420217443,44.933500000000016,166.176,166.06299418,7.034145948150093,156.09599999999998,3.487156138094504,1.5676115922368337,8.585328884652048,Slightly toxic,2
20,Compound 21,CCCSSCCC,4.759,3.187800000000002,60.21014373689272,45.498000000000026,150.31199999999998,150.053692448,7.277916867529369,136.2,5.646264369941973,3.474744871391588,8.699999999999998,Moderately toxic,3
21,Compound 22,CC(=O)c1ccc(Cl)c([N+](=O)[O-])c1,4.56,2.4508,79.27905139771542,48.11090000000001,199.593,199.003620732,7.537902693488107,193.545,3.847859895878448,1.8689701291425216,9.666355785837652,Moderately toxic,3
22,Compound 23,CCOP(=S)(OCC)SCSc1ccc(Cl)cc1,6.161,5.420300000000004,127.0745328963102,87.30400000000003,342.875,341.973857062,14.396986820948198,326.74700000000007,11.106081449428483,9.15103391905082,16.833248136315227,Extremely toxic,5
23,Compound 24,ClC(Cl)C(Cl)(Cl)Cl,4.429,3.1603000000000003,66.62052427663453,35.784000000000006,202.295,199.852088432,6.746817364328034,201.287,3.29882260455229,2.226922466874271,8.449999999999996,Moderately toxic,3
24,Compound 25,N#CCCCCC#N,1.75,1.59396,49.34912096275002,29.69399999999999,108.144,108.068748256,4.7228543157461065,100.07999999999998,2.6543203766865053,0.8271601883432526,6.980000000000001,Practically non-toxic,1
25,Compound 26,COC(C)=O,2.317,0.1793,30.74420258617341,17.689999999999998,74.079,74.036779432,3.3164965809277263,68.03099999999999,1.3164965809277265,0.2874574785652649,4.469999999999999,Practically non-toxic,1
26,Compound 27,CCCCCCCCN,4.396,2.3056,58.63373652561853,42.43040000000001,129.247,129.151749608,6.527097737495458,110.09499999999996,4.11535507165041,1.5576775358252049,8.960000000000003,Moderately toxic,3
27,Compound 28,C=C[C@](C)(O)CC/C=C(/C)CCC=C(C)C,5.192,4.396300000000004,100.57386528502528,72.47680000000005,222.372,222.198365452,11.214798309001573,196.164,6.021483854112555,2.674287611099495,15.18,Highly toxic,4
28,Compound 29,NC(=O)c1ccccc1N,2.537,0.3676999999999998,58.63764872796276,39.37230000000001,136.154,136.063662876,5.372349905601618,128.08999999999995,2.8588246836111835,1.226249198058896,6.607785630153122,Practically non-toxic,1
29,Compound 30,CCCO,1.121,0.3887,26.263369008818778,17.3768,60.096,60.057514876,2.861427157873053,52.032,1.5233345472033852,0.2236067977499789,3.96,Practically non-toxic,1
30,Compound 31,CC(C)(O)CCc1ccccc1,3.393,2.3901000000000003,74.05034744367602,51.06080000000004,164.24799999999996,164.120115132,7.748178503821183,148.11999999999998,4.341397181459485,1.8683031955472915,9.269445438282649,Slightly toxic,2
31,Compound 32,Cn1c(=O)c2c(ncn2C)n(C)c1=O,3.109,-1.029300000000001,79.02895701814933,51.19600000000001,194.194,194.08037556,8.182701232117184,184.114,4.107927642957932,2.3165128954882377,8.73523326923911,Slightly toxic,2
32,Compound 33,Brc1ccsc1,4.421,2.5106,48.93931399554982,32.019,163.03900000000002,161.913883196,5.420756691084398,160.015,3.30687767095802,1.9659916511396505,4.341812297734628,Moderately toxic,3
33,Compound 34,CCC1(CCC(C)C)C(=O)NC(=O)NC1=O,3.423,1.1849999999999998,94.9671316856138,58.47740000000003,226.276,226.131742436,9.923415484140858,208.13199999999995,5.589534826912004,3.075432665412927,12.678446269678304,Slightly toxic,2
34,Compound 35,Clc1cccc(Cl)c1,4.263,2.9934000000000003,58.03793557326031,36.46200000000001,147.00400000000002,145.969005488,5.577187914813867,142.97199999999998,2.9552606240736004,1.2568581544896331,5.9282051282051285,Moderately toxic,3
35,Compound 36,C=C[C@H](O)CCC,3.518,1.3334,44.66859231982434,31.111799999999985,100.161,100.088815004,4.723234477438853,88.06499999999998,2.615135585194768,0.8565171681406728,6.7,Slightly toxic,2
36,Compound 37,O=C(c1ccccc1)c1ccncc1,3.25,2.3126,82.23460952094787,54.11150000000002,183.21,183.068413908,7.551614308670455,174.13799999999998,4.375222463105506,1.9784870114002715,8.629973277127478,Slightly toxic,2
37,Compound 38,Oc1ccc(Oc2ccc(O)cc2)cc1,4.544,2.8901000000000003,87.1905100594599,56.28760000000003,202.209,202.06299418,7.921477634980787,192.129,4.498196296055658,1.9091438766242317,9.3971519262254,Moderately toxic,3
38,Compound 39,Oc1c(Br)cc(Br)cc1Br,4.703,3.6797,83.82827968861704,51.20680000000001,330.801,327.77340101600004,9.493797170251003,327.777,4.824248854315128,2.6484799510205645,8.555602294455067,Moderately toxic,3
39,Compound 40,CCC1(c2ccccc2)C(=O)NC(=O)NC1=O,2.681,0.7003999999999997,98.1995153196948,60.09240000000002,232.239,232.084792244,9.318602998526268,220.143,5.333716209998574,3.026280987123201,11.319407152511545,Practically non-toxic,1
40,Compound 41,Clc1ccc(Cl)c(Cl)c1,4.783,3.6468000000000007,68.34120180014197,41.47200000000001,181.449,179.930033136,6.633731064651922,178.425,3.438874000254108,1.8557738769927496,7.200011001100109,Moderately toxic,3
41,Compound 42,C#CCCO,3.288,0.002,31.627536515074656,20.535799999999995,70.091,70.041864812,2.9387774270626785,64.04299999999999,1.4584562912049244,0.2561409661723959,4.519999999999999,Slightly toxic,2
42,Compound 43,C[C@@H](O)CN,1.474,-0.6741000000000001,31.60325970583149,20.7352,75.11099999999999,75.068413908,3.309020915065757,66.039,1.6520457398645132,0.3411115157344618,4.920000000000001,Practically non-toxic,1
43,Compound 44,O=CN(c1ccccc1)c1ccccc1,3.812,2.9811000000000014,88.77479521020474,61.08700000000004,197.237,197.084063972,8.206314847049706,186.14899999999997,4.762481950688554,2.174137742449997,9.464452702776038,Slightly toxic,2
44,Compound 45,Clc1cc(Cl)c(Cl)c(Cl)c1Cl,6.0,4.9536,88.94773425390534,51.49200000000001,250.33900000000003,247.852088432,8.746817364328034,249.331,4.41208381675883,3.204463155287838,9.755689802913452,Extremely toxic,5
45,Compound 46,Oc1c(I)cc(I)cc1I,5.591,3.2060000000000004,100.01115123482388,66.2578,471.801,471.7318087160001,11.208302426435855,468.777,5.681501482407555,3.2491037561180884,9.29920606601249,Highly toxic,4
46,Compound 47,CNC(=O)Oc1ccc(C(C)(C)C)cc1,4.317,2.702300000000001,90.44598531903527,60.22570000000004,207.273,207.125928784,9.625897657686233,190.137,4.933739640741713,2.135014658469817,11.564128984432914,Moderately toxic,3
47,Compound 48,CNC(=O)Oc1ccccc1OC(C)C,4.376,2.192,89.19458843414556,57.28970000000004,209.245,209.10519334,9.11149621733972,194.125,4.7842496488921205,1.6186094180451804,11.365244544770505,Moderately toxic,3
48,Compound 49,C=C(C)C(=O)OC(C)C,3.528,1.5141,55.51436801157557,36.042,128.171,128.083729624,6.1009536313039,116.07499999999996,2.902204479831904,0.6912020604562017,8.210000000000003,Slightly toxic,2
49,Compound 50,CC(C)=C[C@H]1[C@@H](C(=O)OCc2coc(Cc3ccccc3)c2)C1(C)C,7.751,5.1520000000000055,149.2417651062343,97.94400000000007,338.44700000000006,338.188194692,15.412461125660943,312.23900000000003,8.795486213819261,4.987841258979596,17.530378388497176,Extremely toxic,5
50,Compound 51,COc1cccc(O)c1,3.225,1.4007999999999998,53.70412421559645,34.6588,124.13899999999998,124.052429496,5.164862962722324,116.07499999999996,2.6573464384916927,1.0533213750515729,5.947877237851663,Slightly toxic,2
51,Compound 52,O=[N+]([O-])c1ccc([N+](=O)[O-])c(O)c1,4.74,1.2086000000000003,71.53158831669258,41.41560000000001,184.107,184.012021228,6.206684755924204,180.075,3.1391510083027447,1.3665121090284869,8.912421441774493,Moderately toxic,3
52,Compound 53,O=[N+]([O-])c1ncccc1O,2.924,0.6954,56.098260575139285,32.5562,140.098,140.022191988,4.890188174996477,136.066,2.499509455928689,0.939016818520278,6.469760479041915,Practically non-toxic,1
53,Compound 54,O[C@H]1CCCC[C@@H]1c1ccccc1,3.599,2.7051000000000007,79.40945840454341,53.65780000000005,176.259,176.120115132,7.81709260457353,160.13099999999997,5.107387541125992,2.9572061289587857,8.763953707392217,Slightly toxic,2
54,Compound 55,O=Cc1cccc(Oc2ccc(Cl)c(Cl)c2)c1,5.95,4.598200000000002,108.7350392232716,68.36550000000003,267.111,265.990134856,10.2030855725001,259.0469999999999,5.625920181240378,2.859972364705013,11.960432307137278,Highly toxic,4
55,Compound 56,COC(=O)c1ccc([N+](=O)[O-])cc1,3.881,1.3814,74.08933040034063,44.43590000000002,181.147,181.037507704,6.889607834113915,174.09099999999998,3.4766189553937354,1.4992208883157772,9.180171325518485,Slightly toxic,2
56,Compound 57,CCCCCCO,3.02,1.559,45.35819535200859,31.22779999999998,102.177,102.104465068,4.982747501432695,88.06499999999998,3.023334547203385,1.0116672736016925,6.96,Slightly toxic,2
57,Compound 58,C#C[C@](C)(O)c1ccccc1,3.112,1.5273,66.68463072113867,44.84580000000003,146.18899999999996,146.07316494,6.411315210637714,136.10899999999998,3.4229655348677515,1.61695728849734,7.842669404517453,Slightly toxic,2
58,Compound 59,CC1(C)[C@@H](C=C(Cl)Cl)[C@@H]1C(=O)OCc1cccc(Oc2ccccc2)c1,7.388,6.113300000000004,163.07268718223784,103.30400000000002,391.2940000000001,390.07894986,16.12784172090901,371.1340000000002,9.146036537758294,4.980589117512197,18.81019555142571,Extremely toxic,5
59,Compound 60,CC#N,1.398,0.52988,19.496772823694872,11.287,41.053,41.026549096,1.9472135954999577,38.029,0.7236067977499789,0.0,2.490000000000001,Practically non-toxic,1
60,Compound 61,COc1cccc(C=O)c1O,5.2811,1.2133,64.23058843003683,40.046300000000016,152.14899999999997,152.047344116,6.073111253186188,144.08499999999998,3.104373564292395,1.377093433685264,7.595374077976819,Highly toxic,4
61,Compound 62,CC[C@H](C)n1c(=O)[nH]c(C)c(Br)c1=O,3.148,1.57852,90.09597294569724,58.76170000000002,261.119,260.016039756,10.012128238927788,248.015,5.288346622612984,3.214569042771347,11.235987841945288,Slightly toxic,2
62,Compound 63,NC(=O)c1ccccc1O,3.133,0.4911,58.09199178314606,36.62470000000002,137.13799999999998,137.047678464,5.242213231911951,130.08199999999997,2.793756346766349,1.1695090573361997,6.607785630153122,Slightly toxic,2
63,Compound 64,NCc1ccccc1,3.021,1.1453,49.13623593090629,34.333400000000005,107.15599999999996,107.073499288,4.671208396324302,98.08399999999996,2.6724852835800963,1.0785269224730047,5.319275766016713,Slightly toxic,2
64,Compound 65,C=C(C)C(=O)OC[C@H]1CCCO1,3.691,1.2847000000000002,72.35196631634643,44.74700000000002,170.20799999999997,170.094294308,7.337629046513953,156.09599999999998,4.141350791570005,1.7727722851042895,9.25952551477171,Slightly toxic,2
65,Compound 66,Cc1ccccc1F,3.754,2.13412,47.96188063681981,31.13699999999999,110.13099999999996,110.053178444,4.687365549767731,103.07499999999996,2.51633250569424,1.076605104451236,5.28986013986014,Slightly toxic,2
66,Compound 67,c1ccc2ccccc2c1,4.32,2.8398000000000003,60.11306765123216,43.94800000000002,128.17399999999998,128.062600256,5.618802153517007,120.10999999999996,3.4047005383792524,1.6586892478083908,5.482229779997874,Moderately toxic,3
67,Compound 68,CC(C)(C)c1ccc(Oc2cccc(C=O)c2)cc1,5.837,4.588900000000004,113.58827522709473,77.04550000000005,254.329,254.130679816,11.512649003634362,236.18499999999997,6.325360095546029,2.950218875116492,13.344207765672458,Highly toxic,4
68,Compound 69,CCCCCC=O,3.758,1.7656,44.72548369985636,30.20599999999998,100.161,100.088815004,4.814025684399679,88.06499999999998,2.8510573320459263,0.9255286660229628,6.670000000000001,Slightly toxic,2
69,Compound 70,Cc1cccnc1,2.81,1.39002,43.01599321484008,28.97399999999999,93.129,93.057849224,4.256614672258461,86.07299999999998,2.260414715350615,0.8094199929348828,4.31260162601626,Practically non-toxic,1
70,Compound 71,CCC#N,1.559,0.91998,25.86171493809148,15.904000000000002,55.08,55.04219916,2.6543203766865053,50.03999999999999,1.2842669695298,0.1581138830084189,3.49,Practically non-toxic,1
71,Compound 72,CCCOC(C)=O,3.231,0.9595,43.47408681496662,26.923999999999985,102.133,102.06807956,4.730710143300821,92.05299999999998,2.4040302062452232,0.5094493502441827,6.47,Slightly toxic,2
72,Compound 73,BrC[C@@H]1CCCCO1,2.941,1.9504,58.5392232814316,37.385000000000005,179.05699999999996,177.999327072,6.485093477710159,167.96899999999997,4.229604125576882,2.16826392342013,6.558483412322274,Practically non-toxic,1
73,Compound 74,CCCCOc1ccccc1,4.416,2.8655000000000017,68.00471680659027,46.84500000000003,150.22099999999998,150.104465068,6.916319979971634,136.10899999999998,4.110589663536251,1.50982486234324,8.119800399201598,Moderately toxic,3
74,Compound 75,Cc1cccc(C)c1,3.821,2.30344,50.16128734829018,35.916,106.168,106.07825032,5.309401076758503,96.08799999999998,2.821367205045919,1.173575314054564,5.358504155124653,Slightly toxic,2
75,Compound 76,CCOP(=S)(OCC)Oc1nc(Cl)c(Cl)cc1Cl,6.042,4.718100000000002,125.74118203040852,77.43200000000002,350.591,348.926283882,13.63158821342878,339.50300000000004,8.707427315056757,4.972432894378644,16.44437737901033,Extremely toxic,5
76,Compound 77,ClCC(Cl)Cl,3.213,2.0289,46.013991822871176,26.213999999999995,133.405,131.930033136,4.6861373074592185,130.381,2.5193393576170906,1.049781318335648,5.87,Slightly toxic,2
77,Compound 78,COC(=O)c1ccc(C(=O)OC)c(N)c1,4.37,0.8420000000000001,86.78119693319739,53.533400000000015,209.20099999999996,209.068807832,8.442394238613955,198.11299999999997,4.159702168162851,1.8779731212342552,11.037160493827162,Moderately toxic,3
78,Compound 79,Nc1ccccc1,2.948,1.2688,42.77129381650968,30.8544,93.129,93.057849224,3.9641016151377535,86.07299999999998,2.1993587371177727,0.7995724914118484,4.18611295681063,Practically non-toxic,1
79,Compound 80,O=[N+]([O-])c1ccc(O)cc1,3.492,1.3003999999999998,56.87861259419277,34.76120000000001,139.11,139.02694302,5.020324848686146,134.07,2.6337291722159875,1.0605277538042814,6.538764845605701,Slightly toxic,2
80,Compound 81,CC1(C)OC[C@@H](CO)O1,0.898,0.1301999999999998,54.57945465749312,31.989799999999985,132.159,132.078644244,5.755274007990405,120.063,3.065350032398756,1.270943038586985,6.992612612612613,Practically non-toxic,1
81,Compound 82,CCO,0.496,-0.0014,19.89842689442217,12.759800000000002,46.069,46.041864812,2.1543203766865053,40.021,1.0233345472033857,0.0,2.9600000000000004,Practically non-toxic,1
82,Compound 83,Cc1ccc(C)cc1,4.078,2.30344,50.16128734829018,35.916,106.168,106.07825032,5.309401076758503,96.08799999999998,2.8213672050459184,1.2182335127930843,5.358504155124653,Moderately toxic,3
83,Compound 84,N#Cc1ccccn1,2.5884,0.95328,47.40857289630879,28.952,104.11199999999997,104.037448128,4.203828267758419,100.07999999999998,2.2440876198419324,0.7794420285153287,4.790602409638554,Practically non-toxic,1
84,Compound 85,NC(=O)C(Cl)Cl,2.725,0.2754,45.21213839304599,24.6884,127.958,126.959169076,4.3307356668984776,124.934,2.090781755837512,0.6452257149216518,6.05,Practically non-toxic,1
85,Compound 86,CC1(C)O[C@]2(C)CC[C@H]1CC2,3.18,2.7441000000000013,69.12561297984745,45.527000000000015,154.253,154.135765196,7.814025684399679,136.10899999999998,4.72052678717295,3.5358886933172697,7.600932428048904,Slightly toxic,2
86,Compound 87,CCCCCC[C@H]1CCC(=O)O1,3.976,2.6624000000000008,74.29296623342044,47.87300000000003,170.25199999999998,170.130679816,7.843594318423186,152.10799999999998,5.021107303566927,2.348202321646391,9.557183958151702,Slightly toxic,2
87,Compound 88,O=[N+]([O-])c1c(Cl)cc(Cl)c([N+](=O)[O-])c1Cl,6.087,3.4632000000000005,97.64715324514157,54.780800000000006,271.443,269.90018955200003,9.006450879128039,270.435,4.455700736571329,2.421092447718433,11.961994240460765,Extremely toxic,5
88,Compound 89,CC(C)N(CCO)C(C)C,2.859,1.0975,63.84791325100517,44.063800000000015,145.24599999999995,145.146664228,7.463341291752263,126.09399999999998,3.958254388286501,1.6847804270873263,9.92,Practically non-toxic,1
89,Compound 90,O=[N+]([O-])c1ccc(Oc2ccccc2)cc1,4.91,3.387100000000002,92.25501827756769,59.612400000000015,215.208,215.058243148,8.368110889598182,206.136,4.729054267452831,2.026446744357693,10.167785242915585,Moderately toxic,3
90,Compound 91,Nc1c(Cl)c(Cl)cc(Cl)c1Cl,5.932,3.8824,83.98435872403637,50.894400000000005,230.909,228.901959816,8.190274214489978,227.885,4.133812241839802,2.7497970603251694,9.269445438282649,Highly toxic,4
91,Compound 92,Oc1cccc2ccccc12,4.493,2.5454,64.90730140342819,45.61280000000003,144.17299999999997,144.057514876,5.98866547982734,136.10899999999998,3.5449740027958976,1.766621419037792,6.22562358276644,Moderately toxic,3
92,Compound 93,O=Cc1ccccc1,4.032,1.4991,47.95786733393734,31.829499999999992,106.12399999999997,106.041864812,4.3723499056016175,100.07599999999998,2.4350609975132884,0.9356552548998028,5.035137880986937,Moderately toxic,3
93,Compound 94,CC(C)O,0.842,0.3871,26.263369008818778,17.3548,60.096,60.057514876,3.024563864689584,52.032,1.412899428126413,0.0,3.96,Practically non-toxic,1
94,Compound 95,Nc1ccc(F)cc1C(F)(F)F,3.782,2.4267000000000003,65.79837754261123,35.81440000000001,179.116,179.03581204,5.82125896879541,174.07599999999996,3.032637952325852,1.320740537440679,8.833109869646183,Slightly toxic,2
95,Compound 96,CCN(CC)c1ccccc1,3.959,2.532800000000001,68.65100524728676,50.00300000000004,149.23699999999997,149.12044948,7.248178503821181,134.11699999999996,4.180959494679709,1.884783333368866,8.119800399201598,Slightly toxic,2
96,Compound 97,N[C@]12C[C@H]3C[C@H](C[C@H](C3)C1)C2,3.782,1.9139,68.34612729382405,45.09040000000003,151.253,151.136099544,7.052041763877789,134.11699999999996,5.023569920549402,4.08560419816215,6.473203017832648,Slightly toxic,2
97,Compound 98,CCSCCSCC,3.397,2.4926000000000004,60.81018165054307,45.99800000000003,150.31199999999998,150.053692448,7.277916867529369,136.2,5.378315177510849,2.840770275176027,8.699999999999998,Slightly toxic,2
98,Compound 99,CC(C)(C)O,1.063,0.7772,32.62831112321538,21.971799999999995,74.12299999999999,74.07316494,3.947213595499958,64.04299999999999,1.723606797749979,0.0,4.960000000000001,Practically non-toxic,1
99,Compound 100,Nc1ccccc1Cl,4.347,1.9222,53.07456004339136,35.86440000000002,127.57399999999998,127.018876872,5.020644764975811,121.52599999999998,2.68297211329828,1.2494286508978598,5.446798905608755,Moderately toxic,3
100,Compound 101,CCCN,2.283,0.3551000000000002,26.809025953635484,19.3454,59.112,59.073499288,2.9915638315627207,50.03999999999999,1.6153550716504104,0.2886751345948128,3.96,Practically non-toxic,1
101,Compound 102,O=P(c1ccccc1)(c1ccccc1)c1ccccc1,3.715,3.3260000000000014,118.83519143171844,85.83450000000005,278.291,278.08605173,11.910143114808127,263.17099999999994,8.292234544823854,6.435481297320762,12.900307824255124,Slightly toxic,2
102,Compound 103,O=Cc1cc(Br)cc(Br)c1O,5.518,2.7297,80.48719629741608,48.89430000000001,279.915,277.85780356799995,8.515434717780561,275.88300000000004,4.366645743243491,2.246952739596416,8.743896713615024,Highly toxic,4
103,Compound 104,CC(=O)c1ccc(Cl)cc1Cl,4.208,3.196000000000001,74.92934190209729,46.46650000000002,189.041,187.979570172,7.408085936088104,182.993,3.8260514359721984,1.858232614447336,8.565510983763131,Moderately toxic,3
104,Compound 105,O=[N+]([O-])c1ccc(F)cc1,3.696,1.7338999999999998,56.249914244923,33.0544,141.101,141.022606588,4.951075726195415,137.069,2.5991046109706217,1.0374447129740378,6.666959064327487,Slightly toxic,2
105,Compound 106,CC#CCO,3.841,0.002,31.627536515074656,20.5358,70.091,70.041864812,3.1543203766865053,64.04299999999999,1.4197811566101115,0.2558336368008463,4.519999999999999,Slightly toxic,2
106,Compound 107,COc1cccc(C=O)c1O,4.801,1.2133,64.23058843003683,40.046300000000016,152.14899999999997,152.047344116,6.073111253186188,144.08499999999998,3.104373564292395,1.377093433685264,7.595374077976819,Moderately toxic,3
107,Compound 108,COc1cc(Cl)c(Cl)cc1O,4.635,2.7076000000000007,74.31065666935982,44.67880000000002,193.029,191.974484792,7.277949262398437,186.981,3.6245731908527072,1.9439313677418544,8.496153846153845,Moderately toxic,3
108,Compound 109,CCCCCC(=O)OCC,4.21,2.1298000000000004,62.56891315815645,40.775000000000006,144.214,144.115029752,6.852030486860464,128.08599999999998,3.9646903780250446,1.289779436134093,9.47,Moderately toxic,3
109,Compound 110,Cc1cc(Cl)nc(N)n1,3.008,1.02062,57.87879811968099,36.1914,143.57700000000003,143.025024872,5.6830211484068505,137.529,2.827399304298196,1.0338758566794093,6.292399020807833,Slightly toxic,2
110,Compound 111,CCCC=O,3.69,0.9854,31.99559947106314,20.971999999999998,72.107,72.057514876,3.399812122026584,64.04299999999999,1.8510573320459265,0.4065262647925708,4.67,Slightly toxic,2
111,Compound 112,CCN1C(=O)CC(=O)N(CC)C1=S,1.647,0.3719999999999999,82.48950646277572,51.989000000000026,200.26299999999995,200.061948624,8.556988986878874,188.167,4.668823792752892,2.4395951704996417,10.113125519534496,Practically non-toxic,1
112,Compound 113,CN(C)c1ccccn1,2.983,1.1476,55.14076899944005,38.56400000000001,122.171,122.08439832,5.70382826775842,112.09099999999998,2.888514810841848,1.1074787662245316,6.075786163522013,Practically non-toxic,1
113,Compound 114,c1ccc2occc2c1,3.924,2.4328000000000003,52.90739691530901,36.214000000000006,118.13499999999996,118.041864812,4.872349905601618,112.08699999999996,2.88918514274522,1.361620179510074,4.621116323679656,Slightly toxic,2
114,Compound 115,ClCCN1CCCC1,2.941,1.321,55.6212303433684,36.394,133.622,133.065827064,5.823747701646925,121.52599999999998,3.750467023787787,1.7684573404859063,6.371212121212121,Practically non-toxic,1
115,Compound 116,Nc1ccc([N+](=O)[O-])cc1[N+](=O)[O-],4.092,1.0852,72.07724526150929,44.1632,183.123,183.02800564,6.336821429613872,178.08299999999997,3.2042193451475782,1.421534887976765,8.912421441774493,Moderately toxic,3
116,Compound 117,CCOC(CN(C)CC(OCC)OCC)OCC,2.618,1.7163999999999997,111.33257098881973,71.57700000000007,263.378,263.209658408,12.477547982853949,234.146,6.822102413168867,2.331726372850851,17.8,Practically non-toxic,1
117,Compound 118,Cc1cc(O)ccc1Cl,4.416,2.35402,58.89384521297126,37.85380000000001,142.585,142.018542524,5.8131578220965165,135.529,3.0285873789764053,1.5656066270670987,6.430336943441636,Moderately toxic,3
118,Compound 119,N#Cc1cc(I)c(O)c(I)c1,4.737,2.4730799999999995,91.50683490964556,58.255800000000015,370.915,370.830409716,9.620053257750268,367.891,4.88737689806476,2.790615713577676,9.06115770282589,Moderately toxic,3
119,Compound 120,CCCCBr,3.572,2.1814,41.70162497666073,28.701999999999988,137.02,135.988762388,5.085281355683573,127.94799999999998,3.0958369308453744,1.047918465422687,5.48,Slightly toxic,2
120,Compound 121,O=Cc1ccccc1F,4.964,1.6382,52.12340273686357,31.78749999999999,124.11399999999998,124.032443,4.672964109421219,119.07399999999996,2.5407099006845693,1.0321895498349811,5.947877237851663,Moderately toxic,3
121,Compound 122,CCO[P@@](=S)(Oc1ccc([N+](=O)[O-])cc1)c1ccccc1,6.613,3.645100000000002,127.39170558095353,85.71140000000001,323.31000000000006,323.038115558,13.049851619140057,309.1980000000001,8.930145218778028,5.7967891809162495,15.635307117817408,Extremely toxic,5
122,Compound 123,Cc1cc(C)c(O)c(C)c1,4.02,2.3174600000000005,61.32046321488279,42.31780000000001,136.194,136.088815004,6.601914133879209,124.09799999999996,3.3783073361292306,1.6353983130746652,7.130864745011085,Moderately toxic,3
123,Compound 124,Nc1c(F)c(F)c(F)c(F)c1F,3.693,1.9643,63.59897083114085,30.644400000000008,183.079,183.010740164,5.467172634235761,181.063,2.7335863171178807,1.2437592465340797,8.763720712277413,Slightly toxic,2
124,Compound 125,C[C@H](Cl)CCl,2.951,1.8525,42.07566771038611,26.03499999999999,112.987,111.984655552,4.552243888431537,106.939,2.4420359560987395,0.9878007090540996,5.579999999999999,Practically non-toxic,1
125,Compound 126,O=Cc1ccccc1[N+](=O)[O-],4.021,1.4073,62.61084305643713,38.48390000000001,151.12099999999998,151.02694302,5.558709812839677,146.081,2.9404828336000444,1.2604179182621609,7.397642626480087,Moderately toxic,3
126,Compound 127,CCCCCOCCCCC,4.703,3.383400000000002,71.1372752869059,49.86900000000003,158.28499999999997,158.167065324,8.065102539956245,136.10899999999998,4.99156383156272,1.784457050376173,10.96,Moderately toxic,3
127,Compound 128,Cl[C@@H]1CCCC[C@H]1Cl,3.92,2.7752000000000008,60.16466290004672,37.75000000000001,153.05200000000002,152.01595568,6.250914501180805,142.97199999999998,3.959137255677014,2.7759958735681174,6.6965501165501164,Slightly toxic,2
128,Compound 129,CCOP(=S)(OCC)Oc1ccc([S@@](C)=O)cc1,3.854,3.1003000000000016,115.35093168678956,76.93940000000003,308.36100000000005,308.030587654,13.147738330270103,291.225,9.640507833958951,5.322660075577056,15.79636978579481,Slightly toxic,2
129,Compound 130,CCc1ccc(N)cc1,3.22,1.8312,55.501178045302886,40.23240000000002,121.183,121.089149352,5.593858127134677,110.09499999999996,3.1707025114205525,1.3879674867156715,6.144688279301746,Slightly toxic,2
130,Compound 131,Clc1ccccc1Cl,4.191,2.9934000000000003,58.03793557326031,36.46200000000001,147.00400000000002,145.969005488,5.577187914813867,142.97199999999998,2.961243688217308,1.5802810806327738,5.9282051282051285,Moderately toxic,3
131,Compound 132,CCCCCCCCBr,5.363,3.741800000000003,67.16139343424717,47.17000000000003,193.128,192.051362644,7.913708480429765,175.99199999999996,5.095836930845374,2.0479184654226867,9.48,Highly toxic,4
132,Compound 133,CCCCC(C)=O,2.37,1.7656,44.72548369985636,30.20599999999998,100.161,100.088815004,5.029568634023505,88.06499999999998,2.7647843170117525,0.8823921585058763,6.670000000000001,Practically non-toxic,1
133,Compound 134,CCCCO,1.633,0.7787999999999999,32.62831112321538,21.993799999999997,74.123,74.07316494,3.5685339390596003,64.04299999999999,2.023334547203385,0.5116672736016926,4.960000000000001,Practically non-toxic,1
134,Compound 135,CC(C)C(O)C(C)C,2.854,1.6593,51.723137466405205,35.68279999999999,116.20399999999998,116.120115132,6.179264403068836,100.07599999999998,3.234266633172331,1.366085152919445,7.96,Practically non-toxic,1
135,Compound 136,ClCCl,2.41,1.4215,29.3457834815929,16.573,84.93299999999999,83.953355424,2.974893619241911,82.917,1.6035674514745462,0.0,3.58,Practically non-toxic,1
136,Compound 137,CC1(C)CCC(C)(C)O1,2.883,2.354,57.40155990458345,38.477,128.21499999999995,128.120115132,6.822461852836958,112.08699999999996,3.61535507165041,1.881710002993201,7.071607142857144,Practically non-toxic,1
137,Compound 138,C[C@@H](O)CCl,2.586,0.6060000000000001,36.566635235700446,22.400799999999997,94.541,94.018542524,3.865564064903813,87.485,2.045581175137923,0.669929717688982,5.25,Practically non-toxic,1
138,Compound 139,C=C(C)C(=O)OCCOCC,3.757,1.1422,66.99285535547905,42.26600000000001,158.19699999999995,158.094294308,7.053171996137779,144.08499999999998,3.584933866028124,1.0134131797555572,10.17,Slightly toxic,2
139,Compound 140,CC(C)(C)c1ccc(O)cc1,4.465,2.689700000000001,67.6854053292794,46.80680000000003,150.221,150.104465068,7.256614672258461,136.10899999999998,3.7949740027958976,1.7333301150775091,8.119800399201598,Moderately toxic,3
140,Compound 141,CC(=O)c1ccc(Cl)c(Cl)c1Cl,5.048,3.849400000000001,85.23260812897895,51.476500000000016,223.486,221.94059782,8.464629085926159,218.446,4.315647876296413,2.7080779935645944,9.845034013605442,Highly toxic,4
141,Compound 142,CCC(C)(O)CC,2.182,1.5574,45.35819535200859,31.205799999999986,102.177,102.104465068,5.361427157873052,88.06499999999998,2.844927141309621,1.5233345472033852,6.96,Practically non-toxic,1
142,Compound 143,ClC=C(Cl)Cl,3.474,2.5017000000000005,45.324388790686925,25.642,131.389,129.914383072,4.479030526272671,130.381,2.077222224330472,0.7423074889580903,5.609999999999999,Slightly toxic,2
143,Compound 144,CCOCC,1.462,1.0428000000000002,32.94762260052625,22.166999999999994,74.12299999999999,74.07316494,3.822461852836958,64.04299999999999,1.9915638315627209,0.408248290463863,4.960000000000001,Practically non-toxic,1
144,Compound 145,CCOC(=O)c1ccccc1O,3.914,1.5689,70.59553054443343,44.06330000000003,166.176,166.06299418,6.780218034372737,156.09599999999998,3.704987273184829,1.3993954578060137,8.585328884652048,Slightly toxic,2
145,Compound 146,CN(C)C(=O)Nc1ccc(Cl)c(Cl)c1,4.215,3.0869000000000018,92.6039798703053,59.167700000000025,233.098,232.0170183,9.355299531588065,223.018,4.694085424722093,2.3160816264210973,11.146511094108646,Moderately toxic,3
146,Compound 147,C1OCOCO1,1.18,-0.0776999999999999,35.80393979161418,17.855999999999998,90.078,90.03169405199999,3.346065214951232,84.02999999999999,1.7320508075688774,0.5000000000000001,4.050068027210885,Practically non-toxic,1
147,Compound 148,ClC(Cl)C(Cl)Cl,3.917,2.5938000000000008,56.31725804975285,30.988,167.85,165.891060784,5.690274214489978,165.834,2.9519480161652423,1.7142857142857146,7.16,Slightly toxic,2
148,Compound 149,CNc1ccc(F)cc1,3.513,1.8674,53.51174282042785,35.94670000000001,125.146,125.064077476,5.187365549767731,117.08199999999998,2.760349441550532,1.1328968050576396,6.075786163522013,Slightly toxic,2
149,Compound 150,CC[C@@H](C)c1cc([N+](=O)[O-])cc([N+](=O)[O-])c1O,5.652,2.7221,96.991356774279,60.12160000000003,240.215,240.074621484,9.413791537110752,228.119,5.03719815040426,2.6548486837097105,12.887476383265856,Highly toxic,4
150,Compound 151,O=Cc1ccc(Cl)cc1,4.804,2.1525,58.26113356081901,36.839500000000015,140.569,140.00289246,5.428893055439674,135.529,2.912691309550088,1.2580641723534745,6.302249388753057,Moderately toxic,3
151,Compound 152,CCCCOC(=O)c1ccccc1C(=O)OCCCC,5.445,3.600400000000003,119.63095892256436,76.82300000000005,278.348,278.151809184,12.185034925733245,256.172,7.135410681680073,2.8289865989409635,16.215066079295156,Highly toxic,4
152,Compound 153,Cc1ccc(C)c(C)c1,4.192,2.611860000000001,56.52622946268679,40.65300000000001,120.19499999999998,120.093900384,6.232050807568878,108.09899999999998,3.2380338717125854,1.6624107643699335,6.341654501216546,Moderately toxic,3
153,Compound 154,CCCCCCCCCCO,4.818,3.119400000000001,70.81796380959504,49.69580000000003,158.285,158.167065324,7.811174626178886,136.10899999999998,5.023334547203385,2.011667273601692,10.96,Moderately toxic,3
154,Compound 155,CCCCOC(=O)c1ccc(C(=O)OCCCC)cc1,5.674,3.600400000000003,119.63095892256436,76.82300000000005,278.348,278.151809184,12.185034925733245,256.172,7.129427617536365,2.818399458759239,16.215066079295156,Highly toxic,4
155,Compound 156,CCCCCCOC(C)=O,4.516,2.1298000000000004,62.56891315815645,40.775000000000006,144.214,144.115029752,6.852030486860464,128.08599999999998,3.9040302062452232,1.303216162902931,9.47,Moderately toxic,3
156,Compound 157,COc1ccc(O)cc1,3.053,1.4007999999999998,53.70412421559645,34.6588,124.13899999999998,124.052429496,5.164862962722324,116.07499999999996,2.6573464384916923,1.0724230685098737,5.947877237851663,Slightly toxic,2
157,Compound 158,C/C=C/C=C/C,3.614,2.1386000000000003,39.18475553544408,29.627999999999982,82.146,82.07825032,4.309401076758503,72.06599999999999,2.154700538379252,0.4960112905708619,5.48,Slightly toxic,2
158,Compound 159,C=CCCCCCCC=C,5.678,3.6990000000000025,64.64452399303052,48.09600000000003,138.254,138.140850576,6.811554787871632,120.10999999999996,4.132993161855452,1.5664965809277258,9.48,Highly toxic,4
159,Compound 160,CC/C=C\CCO,2.42,1.335,44.66859231982434,31.133799999999987,100.161,100.088815004,4.723234477438852,88.06499999999998,2.673164461464445,0.6981350386024298,6.7,Practically non-toxic,1
160,Compound 161,Cc1ccc([N+](=O)[O-])cc1[N+](=O)[O-],3.876,1.81142,73.10229667889317,44.487800000000014,182.135,182.032756672,6.759471160424246,176.087,3.415544210552765,1.6002344201807666,9.110744101633394,Slightly toxic,2
161,Compound 162,c1cc2c3c(cccc3c1)CC2,4.95,2.938400000000001,71.83712072649615,51.35600000000002,154.21199999999996,154.07825032,6.878315177510849,144.13199999999998,4.445140652899133,2.740964657296188,6.241943083886167,Moderately toxic,3
162,Compound 163,C#C[C@@H](C)O,3.777,0.0003999999999999,31.627536515074656,20.5138,70.091,70.041864812,3.1019141338792093,64.04299999999999,1.412899428126413,0.2412022659166597,4.519999999999999,Slightly toxic,2
163,Compound 164,c1ccc(-c2cccc(-c3ccccc3)n2)cc1,6.042,4.415600000000003,106.76523951257154,75.10900000000002,231.298,231.104799416,9.952767094965097,218.194,6.012597736402169,2.888201158422872,10.725684553830362,Extremely toxic,5
164,Compound 165,Nc1ccc(O)c([N+](=O)[O-])c1,3.629,0.8826,62.21850329120549,39.17360000000001,154.12499999999997,154.037842052,5.520324848686146,148.07699999999997,2.839070973477467,1.196166654862083,7.328459869848157,Slightly toxic,2
165,Compound 166,O=[N+]([O-])c1ccc(O)c([N+](=O)[O-])c1,4.228,1.2086,71.53158831669259,41.41560000000001,184.107,184.012021228,6.206684755924204,180.07499999999996,3.1391510083027443,1.366512109028487,8.912421441774493,Moderately toxic,3
166,Compound 167,CCCCCCCCC(C)=O,4.51,3.3260000000000023,70.18525215744279,48.67400000000003,156.269,156.15141526,7.857995758769697,136.10899999999998,4.7647843170117525,1.8823921585058765,10.67,Moderately toxic,3
167,Compound 168,C#C[C@](C)(O)CC,1.906,0.7806,44.35742074386786,29.747799999999987,98.145,98.07316494,4.731670645876131,88.06499999999998,2.322942104124613,0.999393331248492,6.52,Practically non-toxic,1
168,Compound 169,COc1ccc(C(C)=O)c(O)c1,3.379,1.6034,70.59553054443344,44.66330000000002,166.176,166.06299418,6.995760983996562,156.09599999999998,3.528137250390291,1.5841937990827266,8.585328884652048,Slightly toxic,2
169,Compound 170,CCCCCO,2.272,1.1689,38.993253237612,26.610799999999987,88.15,88.088815004,4.275640720246148,76.05399999999999,2.523334547203385,0.7616672736016925,5.959999999999999,Practically non-toxic,1
170,Compound 171,CN(C)c1ccccc1,3.19,1.7526,55.92112101849354,40.76900000000002,121.18299999999998,121.089149352,5.833964941448087,110.09499999999996,3.0287175912728546,1.272591379676281,6.144688279301746,Slightly toxic,2
171,Compound 172,ClC(Cl)=C(Cl)C(Cl)=C(Cl)Cl,6.462,4.7574,88.2744686679409,49.17000000000001,260.76200000000006,257.81311608,8.803360514166089,260.76200000000006,4.151680257083045,2.5200629214136185,11.22,Extremely toxic,5
172,Compound 173,C#C[C@H](O)CCCC,4.804,1.1707,50.72236285826448,34.364799999999995,112.172,112.088815004,5.223234477438853,100.07599999999998,2.9509042305871973,1.0235012774439431,7.519999999999999,Moderately toxic,3
173,Compound 174,c1ccccc1,3.502,1.6866,37.43140311949697,26.441999999999997,78.11399999999999,78.046950192,3.464101615137755,72.06599999999999,2.0000000000000004,0.6666666666666671,3.411570881226053,Slightly toxic,2
174,Compound 175,C=CC(=O)OCC(C)C,4.786,1.3716000000000002,55.514368011575584,35.99399999999999,128.17099999999996,128.083729624,5.885410681680073,116.07499999999996,2.9567956789604666,0.7255922317655459,8.210000000000003,Moderately toxic,3
175,Compound 176,N#Cc1cc(Cl)ccc1N,3.727,1.79388,63.832081839256674,40.57940000000001,152.584,152.01412584,5.890508091286143,147.54399999999998,3.067262513571218,1.3708889670472482,6.913636363636365,Slightly toxic,2
176,Compound 177,Nc1ccc([N+](=O)[O-])cc1,3.043,1.1769999999999998,57.42426953900948,37.50880000000001,138.126,138.042927432,5.150461522375814,132.078,2.6987975090608214,1.1039066450341708,6.538764845605701,Slightly toxic,2
177,Compound 178,COC(=O)c1ccc(C#N)cc1,3.537,1.34488,70.19387647370614,42.49650000000002,161.16,161.047678464,6.573111253186188,154.10399999999998,3.361470583723624,1.4350972906781467,8.278231827111984,Slightly toxic,2
178,Compound 179,N#Cc1ccccn1,2.04915,0.95328,47.40857289630879,28.952,104.11199999999997,104.037448128,4.203828267758419,100.07999999999998,2.2440876198419324,0.7794420285153287,4.790602409638554,Practically non-toxic,1
179,Compound 180,Cc1ccccn1,2.016,1.39002,43.01599321484008,28.97399999999999,93.129,93.057849224,4.256614672258461,86.07299999999998,2.270480822091953,0.8127753618486623,4.31260162601626,Practically non-toxic,1
180,Compound 181,O=[N+]([O-])c1cccc(Cl)c1,3.924,2.2482000000000006,62.38764506887844,38.106400000000015,157.55599999999998,156.993056048,5.707004672213869,153.52399999999997,2.977069083979849,1.2541163326727007,7.022233445566778,Slightly toxic,2
181,Compound 182,CNC(=O)Oc1cccc2ccccc12,4.362,2.558,87.66788139318408,59.03170000000003,201.225,201.078978592,8.35794846525511,190.137,4.683739640741714,2.156410830677796,9.522159782005517,Moderately toxic,3
182,Compound 183,ClCCCCCCl,3.746,2.6343000000000014,54.80555193917933,35.291000000000004,141.041,140.01595568,5.8033207439881,130.96099999999998,3.603567451474546,1.3017837257372729,7.580000000000002,Slightly toxic,2
183,Compound 184,CCCSCCC,3.735,2.539600000000001,50.68707162517782,37.907,118.245,118.081621448,6.053171996137779,104.13299999999998,4.146264369941972,2.090770275176027,7.349999999999998,Slightly toxic,2
184,Compound 185,c1ccncc1,2.9,1.0816,36.65105110044347,24.23699999999999,79.10199999999999,79.04219916,3.333964941448087,74.06199999999998,1.849731112827656,0.5664874085517706,3.344174757281553,Practically non-toxic,1
185,Compound 186,CCCCOC(=O)CCC(=O)OCCCC,4.713,2.4532000000000007,97.30374894529352,60.968000000000046,230.30399999999997,230.151809184,10.289847411347834,208.128,6.015167193676994,2.055129626906844,14.94,Moderately toxic,3
186,Compound 187,CCCC[C@@H](CC)CO,3.664,2.1951,58.08807958080182,40.3918,130.231,130.135765196,6.5600977706223205,112.08699999999996,3.955186199781522,1.8014749852258551,8.960000000000003,Slightly toxic,2
187,Compound 188,CCCc1ccc(O)cc1,4.093,2.3447000000000005,61.3204632148828,42.10180000000002,136.19400000000002,136.088815004,6.170828234631556,124.09799999999996,3.605634174575719,1.475015439616732,7.130864745011085,Moderately toxic,3
188,Compound 189,Cc1ccc(N)cc1,2.827,1.57722,49.13623593090629,35.59140000000001,107.156,107.073499288,4.886751345948129,98.08399999999996,2.6100423396407315,1.0773502691896262,5.162450142450142,Practically non-toxic,1
189,Compound 190,c1cc(CCc2ccncc2)ccn1,3.086,2.2618,83.65767751624722,55.88200000000003,184.242,184.100048384,7.927442906890019,172.146,4.727936211887777,2.201062552769929,8.87889083611284,Slightly toxic,2
190,Compound 191,CCCCCCCCc1ccc(N)cc1,6.233,4.171800000000004,93.69083073168257,67.93440000000004,205.345,205.183049736,9.836498814253964,182.16099999999997,6.170702511420552,2.7987244167365315,12.091326676176887,Extremely toxic,5
191,Compound 192,C1COCCO1,0.932,0.0332,37.05533667650391,21.637999999999995,88.106,88.052429496,3.644923705673916,80.042,2.1547005383792515,0.7440169358562924,4.088918918918919,Practically non-toxic,1
192,Compound 193,N#Cc1ccccn1,2.157,0.95328,47.40857289630879,28.952,104.11199999999997,104.037448128,4.203828267758419,100.07999999999998,2.2440876198419324,0.7794420285153287,4.790602409638554,Practically non-toxic,1
193,Compound 194,CNC(=O)Oc1ccc(N(C)C)c(C)c1,5.029,1.77922,89.84087687484204,60.58970000000003,208.261,208.121177752,9.49576098399656,192.13299999999995,4.718440296158275,2.0647366297478955,11.365244544770505,Highly toxic,4
194,Compound 195,CC/C=C/CCO,2.568,1.335,44.66859231982434,31.133799999999987,100.161,100.088815004,4.723234477438852,88.06499999999998,2.673164461464445,0.6981350386024298,6.7,Practically non-toxic,1
195,Compound 196,Cc1ccc(N)c(Cl)c1,3.596,2.23062,59.43950215778797,40.60140000000001,141.601,141.034526936,5.943294495786184,133.53699999999998,3.0936557158212388,1.4832800270403013,6.430336943441636,Slightly toxic,2
196,Compound 197,C#CCN(CC#C)CC#C,2.647,0.1880000000000001,62.4162977887836,42.939000000000014,131.178,131.073499288,5.800584746628479,122.10599999999998,2.8753688736147742,0.9446816720025198,8.64,Practically non-toxic,1
197,Compound 198,CCc1ccc(O)cc1,4.07,1.9546,54.95552110048619,37.48480000000001,122.167,122.07316494,5.463721453445009,112.08699999999996,3.1056341745757186,1.3445885954857824,6.144688279301746,Moderately toxic,3
198,Compound 199,Cc1cocn1,1.777,0.98302,35.81032247891692,21.239999999999995,83.09,83.03711378,3.5101624243430725,78.05000000000001,1.7418853428829848,0.5557948733492732,3.401938579654511,Practically non-toxic,1
199,Compound 200,C=CCc1ccccc1O,3.951,2.1207,60.63086018269854,42.00780000000002,134.178,134.07316494,5.7481785038211815,124.09799999999996,3.221007038460605,1.355867436956833,6.874155251141552,Slightly toxic,2
200,Compound 201,CCCCCCCCCCN,5.184,3.0858000000000017,71.36362075441176,51.66440000000004,157.301,157.183049736,7.941311299868554,134.11699999999996,5.115355071650409,2.0576775358252046,10.96,Highly toxic,4
201,Compound 202,NC(=O)c1ccc([N+](=O)[O-])cc1,3.097,0.6937,67.95073375344985,41.61430000000001,166.136,166.037842052,6.058709812839677,160.08799999999997,3.1529216542927534,1.3626410188353866,8.189108027750247,Slightly toxic,2
202,Compound 203,C#C[C@](C)(O)CCC(C)C,3.457,1.8068,63.4522470870577,43.52880000000001,140.226,140.120115132,7.016127696252305,124.09799999999996,3.678784151781181,1.519440597712184,9.52,Slightly toxic,2
203,Compound 204,c1ccc(SSc2ccccc2)cc1,6.298,4.486000000000002,92.13467946264116,64.59800000000003,218.346,218.02239232,9.22299243467944,208.266,6.546112076437506,4.137792191860549,9.685764820975937,Extremely toxic,5
204,Compound 205,CCCCCCBr,4.68,2.9616000000000016,54.43150920545396,37.936,165.07399999999998,164.020062516,6.499494918056669,151.96999999999997,4.095836930845374,1.547918465422687,7.479999999999999,Moderately toxic,3
205,Compound 206,C=C(C)C(=O)OCc1ccccc1,4.577,2.3059000000000003,77.84157798884638,51.05200000000003,176.21499999999995,176.083729624,7.617461489248951,164.11899999999997,4.064713808768183,1.5612161736697794,9.517489063867016,Moderately toxic,3
206,Compound 207,Nc1cccc(OCc2ccccc2)c1,4.307,2.8478000000000003,89.30687536647721,61.62840000000002,199.253,199.099714036,8.38885776354667,186.149,4.867078612583709,2.1064189502270696,9.589508526716504,Moderately toxic,3
207,Compound 208,CCCCCC(C)=O,2.939,2.1557000000000004,51.09042581425295,34.822999999999986,114.188,114.104465068,5.736675415210053,100.07599999999998,3.2647843170117525,1.1323921585058765,7.669999999999999,Practically non-toxic,1
208,Compound 209,BrCCCBr,4.985,2.166300000000001,49.20423046790548,32.20499999999999,201.889,199.883624392,6.049242367807505,195.841,3.777460299317654,1.388730149658827,5.959999999999999,Moderately toxic,3
209,Compound 210,N#Cc1cccc(C(F)(F)F)c1,3.555,2.5770800000000005,67.05047323853759,36.15900000000001,171.12099999999998,171.029583788,5.890508091286144,167.089,3.1119207123097388,1.31899736031806,8.595238095238095,Slightly toxic,2
210,Compound 211,Oc1cccnc1Cl,2.319,1.4406,51.74855107952116,30.911799999999992,129.546,128.998141428,4.760371417596475,125.514,2.47770099602244,1.0306168849827766,5.378121546961326,Practically non-toxic,1
211,Compound 212,CCCCCCCCOc1ccccc1NC(C)=O,5.767,4.384300000000003,115.90575377662176,79.61670000000005,263.38100000000003,263.18852904,12.075645125992065,238.18099999999995,7.231380475434848,2.953216268419231,15.54717552887364,Highly toxic,4
212,Compound 213,COc1cccc(OC)c1C,3.877,2.01222,66.75331992170055,44.28300000000003,152.19299999999998,152.083729624,7.048547388496605,140.09699999999998,3.468761807247882,1.674224845252061,7.921832993890022,Slightly toxic,2
213,Compound 214,C[C@@H](O)CC(C)(C)O,1.043,0.5282,50.15242910420461,32.59559999999998,118.17599999999996,118.099379688,5.678884241376089,104.06399999999998,2.820957637743903,0.7949466215308498,7.919999999999998,Practically non-toxic,1
214,Compound 215,Cc1cc([N+](=O)[O-])cc([N+](=O)[O-])c1O,5.059,1.5170199999999996,77.89653043108919,46.152600000000014,198.134,198.027671292,7.129334486734578,192.086,3.555817674969411,1.6726479379896877,9.90460236886633,Highly toxic,4
215,Compound 216,O=Cc1cccnc1,3.815,0.8940999999999999,47.17751531488384,29.624499999999998,107.11199999999998,107.03711378,4.24221323191195,102.072,2.2847921103409434,0.8204972889975205,4.966627565982405,Slightly toxic,2
216,Compound 217,CC(=O)C(C)(C)C,3.061,1.6215,44.72548369985636,30.13599999999998,100.161,100.088815004,5.408248290463863,88.06499999999998,2.454124145231932,1.0561862178478971,6.670000000000001,Slightly toxic,2
217,Compound 218,C=Cc1ccc(C(C)(C)C)cc1,5.515,3.627100000000002,74.93145277369234,55.23300000000004,160.25999999999996,160.125200512,8.093858127134677,144.13199999999998,4.268290630104595,2.012411266702914,9.05124087591241,Highly toxic,4
218,Compound 219,CCCCOC(C)=O,3.81,1.3496,49.83902892936323,31.540999999999983,116.16,116.083729624,5.437816924487368,104.06399999999998,2.9040302062452232,0.8032161629029313,7.470000000000001,Slightly toxic,2
219,Compound 220,C=CC[C@H](O)C=C,3.411,1.1094,43.97898928764009,31.017799999999987,98.145,98.07316494,4.300584746628478,88.06499999999998,2.224525384935947,0.6802346074991796,6.44,Slightly toxic,2
220,Compound 221,CCCCCCCN,3.723,1.9155,52.26879441122192,37.8134,115.22,115.136099544,5.81999095630891,98.08399999999996,3.61535507165041,1.3076775358252049,7.96,Slightly toxic,2
221,Compound 222,CC(C)(C)CN,2.264,0.9912,39.53891018242869,28.50939999999999,87.16600000000001,87.10479941599999,4.784457050376174,74.062,2.2618016810571366,0.6123724356957945,5.959999999999999,Practically non-toxic,1
222,Compound 223,COC(=O)c1cc(Cl)ccc1Cl,4.166,2.780000000000001,80.04288713160418,47.80150000000002,205.04,203.974484792,7.816334226551967,198.992,3.938423871667993,1.8984013236490795,9.358731144631763,Moderately toxic,3
223,Compound 224,COc1cc(O)c(C=O)c(OC)c1,4.832,1.2219,75.70907577394033,46.59830000000002,182.175,182.0579088,7.404009274460425,172.09499999999997,3.627429602511149,1.667209502349718,9.378573959255975,Moderately toxic,3
224,Compound 225,O=C(c1ccccc1)c1ccccc1,4.093,2.917600000000001,83.01496154000138,56.316500000000026,182.222,182.07316494,7.681750982360123,172.14199999999997,4.525491350277851,2.071955531687609,8.696948085233146,Moderately toxic,3
225,Compound 226,CCOC(=O)c1ccccc1C(=O)OCC,3.845,2.04,94.1711904649779,58.35500000000003,222.23999999999995,222.089208928,9.356607800987051,208.128,5.135410681680073,1.917755672522484,12.230621468926552,Slightly toxic,2
226,Compound 227,O=Cc1cc([N+](=O)[O-])ccc1Cl,4.681,2.0607,72.91410928331882,43.49390000000001,185.566,184.987970668,6.615252962677732,181.534,3.418113145636845,1.6615736795797746,8.674517958412098,Moderately toxic,3
227,Compound 228,O=Cc1ccc([N+](=O)[O-])cc1,4.175,1.4073,62.61084305643714,38.48390000000001,151.121,151.02694302,5.558709812839677,146.081,2.934499769456337,1.239989408522125,7.397642626480085,Moderately toxic,3
228,Compound 229,CCCCCCCCCN,4.822,2.6957000000000013,64.99867864001514,47.04740000000003,143.274,143.167399672,7.234204518682006,122.10599999999997,4.61535507165041,1.8076775358252049,9.96,Moderately toxic,3
229,Compound 230,Cc1ccc(O)c(C)c1,3.866,2.00904,54.95552110048619,37.5808,122.16699999999996,122.07316494,5.679264403068835,112.08699999999996,2.961640669462564,1.3522952509676334,6.144688279301746,Slightly toxic,2
230,Compound 231,CC(C)(O)C(F)(F)C(F)F,2.439,1.6577,55.65539484931692,27.24879999999999,160.11,160.051127756,5.536421756726493,152.046,2.5766821858260043,1.089770920400143,9.68,Practically non-toxic,1
231,Compound 232,CC(=O)CC(=O)c1ccccc1,5.169,1.8484,71.21421577717092,46.07050000000002,162.18799999999996,162.06807956,6.910354708062403,152.10799999999998,3.77603867417337,1.505266954020691,8.654696969696971,Highly toxic,4
232,Compound 233,Clc1ccc(Cl)cc1,4.561,2.9934000000000003,58.03793557326031,36.46200000000001,147.00400000000002,145.969005488,5.577187914813867,142.97199999999998,2.9552606240736004,1.307495792144872,5.9282051282051285,Moderately toxic,3
233,Compound 234,CC(=O)C(C)C,2.0,1.2314,38.36054158545974,25.518999999999988,86.134,86.07316494,4.485598559653489,76.05399999999999,2.147499818205996,0.8130525295851416,5.670000000000001,Practically non-toxic,1
234,Compound 235,CC(C)CO,1.714,0.6347,32.62831112321538,21.923799999999996,74.123,74.07316494,3.731670645876131,64.04299999999999,1.8791765948599528,0.3651483716701107,4.960000000000001,Practically non-toxic,1
235,Compound 236,C=CC(=O)OC[C@H](C)O,4.59,0.0963999999999998,53.94365964937498,32.83679999999998,130.14299999999997,130.06299418,5.332624277180031,120.06299999999996,2.637644299518002,0.6334611643488721,8.17,Moderately toxic,3
236,Compound 237,OC1CCCCC1,2.153,1.3114,44.35236419847938,29.091799999999985,100.161,100.088815004,4.5600977706223205,88.06499999999998,3.0746954706748872,1.574695470674887,5.10367816091954,Practically non-toxic,1
237,Compound 238,OCC(Cl)(Cl)Cl,2.699,1.3489,50.80822557506719,27.375799999999995,149.404,147.924947756,5.05600063376955,146.38,2.370621285151634,0.5378528742004771,6.829999999999999,Practically non-toxic,1
238,Compound 239,CC1(C)CC(=O)CC(=O)C1,4.002,1.3347,60.611058875164105,37.646,140.182,140.083729624,6.437816924487368,128.08599999999998,3.529568634023506,1.7457819157813603,7.447066381156318,Moderately toxic,3
239,Compound 240,CCC(=O)c1ccc(N)cc1,3.009,1.8615,66.02764225974326,45.47590000000002,149.19299999999998,149.084063972,6.50210641759854,138.105,3.624826656652485,1.5537731405466928,7.793199174406604,Slightly toxic,2
240,Compound 241,CCN(CC)c1ccc(C=O)cc1,3.87,2.3453,79.17746946172714,55.39050000000003,177.247,177.1153641,8.156426794285046,162.12699999999998,4.616020492192997,2.15776063103114,9.775543199315653,Slightly toxic,2
241,Compound 242,CS(C)=O,0.362,-0.0052999999999999,28.47844734580207,19.9904,78.136,78.013935812,3.632993161855452,72.088,2.949489742783178,0.0,4.150000000000002,Practically non-toxic,1
242,Compound 243,CCSCCCCSCC,4.469,3.272800000000002,73.5400658793363,55.23200000000004,178.366,178.084992576,8.692130429902464,160.22199999999998,6.378315177510849,3.206795678960465,10.7,Moderately toxic,3
243,Compound 244,C=CC(=O)OCCO,4.384,-0.2921,47.57871753497837,28.24179999999999,116.116,116.047344116,4.462380789176953,108.05199999999998,2.21007461613419,0.5022747306323725,7.169999999999999,Moderately toxic,3
244,Compound 245,C1CCOC1,1.523,0.7968000000000001,31.941791446997023,20.053,72.107,72.057514876,3.236675415210053,64.04299999999999,2.0773502691896257,0.8273502691896256,3.1616129032258065,Practically non-toxic,1
245,Compound 246,c1ccc(CC2=NCCN2)cc1,2.745,1.2308,72.33052509302233,50.450700000000026,160.22,160.100048384,6.955285285007731,148.12399999999997,4.261178338069598,1.957918176095336,7.345075038728604,Practically non-toxic,1
246,Compound 247,COc1cccc(C=O)c1O,4.3209,1.2133,64.23058843003683,40.046300000000016,152.14899999999997,152.047344116,6.073111253186188,144.08499999999998,3.104373564292395,1.377093433685264,7.595374077976819,Moderately toxic,3
247,Compound 248,C=C[C@@H](Cl)CCl,4.184,2.0186,47.75100679259846,30.557999999999996,124.998,123.984655552,4.836700938807709,118.95,2.60626731070631,1.2260798096593393,6.320000000000001,Moderately toxic,3
248,Compound 249,Cc1cccc([N+](=O)[O-])c1,3.728,1.90322,58.449320956393365,37.83340000000001,137.13799999999998,137.047678464,5.573111253186188,130.082,2.9101223744660087,1.212474912455166,6.7360092807424605,Slightly toxic,2
249,Compound 250,Oc1cccnc1Br,2.569,1.5497,55.312832458280845,33.6018,173.997,172.947625848,5.590439010692724,169.96499999999995,2.8927347925705647,1.35039246574312,5.564589502018842,Practically non-toxic,1
250,Compound 251,COC(=O)c1ccc(C(=O)OC)c([N+](=O)[O-])c1,4.564,1.168,96.0942819586845,55.77540000000002,239.18299999999996,239.042987008,9.128754145852014,230.11099999999996,4.459782202988128,2.0208351634864345,12.628681318681316,Moderately toxic,3
251,Compound 252,CCCCCCCCCCCC#N,5.625,4.430880000000004,83.14619396766098,57.45700000000005,181.323,181.183049736,9.018281407365434,158.13899999999995,5.784266969529799,2.3921334847649,12.489999999999998,Highly toxic,4
252,Compound 253,C[C@H]1CNC[C@H](C)O1,2.474,0.3832,50.22153785939828,32.87869999999999,115.176,115.099714036,5.4771623912162095,102.072,3.149708421284557,1.3282057084311267,6.046262626262625,Practically non-toxic,1
253,Compound 254,Oc1ccc(Cl)cc1,4.323,2.0456,52.52890309857465,33.1168,128.558,128.00289246,4.890508091286143,123.518,2.6119207123097383,1.0786025176356309,5.446798905608755,Moderately toxic,3
254,Compound 255,COC(C)(C)C,2.118,1.4313,39.31256471492286,26.761999999999983,88.14999999999999,88.088815004,4.908248290463863,76.05399999999999,2.1123724356957947,0.6123724356957946,5.959999999999999,Practically non-toxic,1
255,Compound 256,CC(C)CC=O,4.424,1.2314,38.36054158545974,25.518999999999988,86.134,86.07316494,4.270055610029662,76.05399999999999,2.2068993797024934,0.5676295656559693,5.670000000000001,Moderately toxic,3
256,Compound 257,Nc1ccc(Cl)c(Cl)c1Cl,4.733,3.229,73.6810924971547,45.88440000000001,196.464,194.940932168,7.133731064651922,192.432,3.6501988656592954,2.373271060339168,7.991112234580385,Moderately toxic,3
257,Compound 258,NC(=O)c1c(Cl)cccc1Cl,2.608,2.0923,73.90429048471339,44.97990000000001,190.029,188.97481914,6.985436205277731,184.989,3.620709634710719,1.839102713427796,8.36737098344693,Practically non-toxic,1
258,Compound 259,CCCCCCCCCc1ccc(O)cc1,6.2,4.685300000000004,99.51011590126248,69.80380000000005,220.35599999999997,220.182715388,10.413468921750844,196.164,6.605634174575718,3.0053455255066424,13.086577896138484,Extremely toxic,5
259,Compound 260,Clc1cc(Cl)c(Cl)cc1Cl,5.801,4.3002,78.64446802702366,46.48200000000001,215.894,213.891060784,7.690274214489978,213.878,3.9224873764346153,2.407506285534577,8.476339113680153,Highly toxic,4
260,Compound 261,Cc1ccncc1,2.364,1.39002,43.01599321484008,28.97399999999999,93.12899999999998,93.057849224,4.256614672258461,86.07299999999998,2.2604147153506147,0.8469872147279689,4.31260162601626,Practically non-toxic,1
261,Compound 262,Oc1cc(Cl)c(Cl)cc1O,5.303,2.4046000000000007,67.62640307765234,39.79160000000001,179.002,177.958834728,6.316914567434531,174.97,3.235807552906892,1.7396229331451891,7.506382978723405,Highly toxic,4
262,Compound 263,O=[N+]([O-])c1ccccc1,3.015,1.5948,52.08437884199676,33.0964,123.11099999999996,123.0320284,4.650461522375814,118.07099999999998,2.499438771943049,0.967012110859851,5.751233595800525,Slightly toxic,2
263,Compound 264,CCOP(=O)(Cc1ccccc1)OCC,2.832,3.452700000000002,90.94614456684164,61.00450000000004,228.228,228.091531034,10.074457347399235,211.092,6.847651795244966,3.926269480294092,12.439589422407792,Practically non-toxic,1
264,Compound 265,CCCCCCCCCC(C)=O,5.055,3.716100000000002,76.5501942718394,53.29100000000004,170.296,170.167065324,8.565102539956245,148.11999999999998,5.2647843170117525,2.1323921585058763,11.67,Highly toxic,4
265,Compound 266,CCCCCCCCCCCCCN,6.484,4.256100000000004,90.4584470976016,65.51540000000006,199.38199999999995,199.229999928,10.062631643428196,170.14999999999995,6.615355071650409,2.8076775358252046,13.96,Extremely toxic,5
266,Compound 267,Oc1ccccc1,3.46,1.3922,42.22563687169298,28.106799999999996,94.113,94.041864812,3.8339649414480874,88.06499999999998,2.134290400272939,0.756193600181959,4.18611295681063,Slightly toxic,2
267,Compound 268,OCCCl,3.176,0.2174999999999999,30.201693121303844,17.805799999999998,80.51400000000001,80.00289246,2.9953205769007347,75.474,1.6180114917541109,0.2535462764185549,4.25,Slightly toxic,2
268,Compound 269,CCc1ccc(C)nc1,3.174,1.95242,55.74587744363329,38.35200000000001,121.183,121.089149352,5.886371184255383,110.09499999999996,3.2418245963947334,1.3808675235044363,6.272699386503069,Slightly toxic,2
269,Compound 270,COc1cc(OC)c(OC)cc1C=O,3.598,1.5249,82.39332936564782,51.48550000000003,196.202,196.073558864,8.36504396942433,184.106,4.016195240456964,1.862860645570993,10.371366965012204,Slightly toxic,2
270,Compound 271,CCC(C)(C)c1ccc(O)cc1,4.801,3.079800000000001,74.05034744367602,51.42380000000004,164.248,164.120115132,7.963721453445009,148.11999999999998,4.355634174575719,2.532662602197812,9.110744101633394,Moderately toxic,3
271,Compound 272,CCC(=O)CC,1.747,1.3755,38.36054158545974,25.588999999999988,86.134,86.07316494,4.322461852836958,76.05399999999999,2.325444488791574,0.7886751345948129,5.670000000000001,Practically non-toxic,1
272,Compound 273,c1ccc2c(c1)CCO2,3.167,1.6215,54.26900142426783,35.641000000000005,120.15099999999998,120.057514876,5.131862929595462,112.08699999999996,3.1737029396096443,1.6015739636576438,4.857753993343199,Slightly toxic,2
273,Compound 274,Nc1ccc([N+](=O)[O-])cc1Cl,3.934,1.8304,67.72753576589116,42.518800000000006,172.571,172.00395508,6.207004672213869,167.53099999999998,3.1824108852413286,1.5221796254409032,7.812986611740474,Slightly toxic,2
274,Compound 275,O=C(c1ccc(Br)cc1)c1cccnc1,4.109,3.0751000000000017,96.10215712658923,61.81150000000002,262.106,260.978925976,9.43822505160476,254.04199999999997,5.267886571690431,2.5588015156561497,10.05199159134546,Moderately toxic,3
275,Compound 276,Oc1ccccc1Cl,4.052,2.0456,52.52890309857465,33.1168,128.558,128.00289246,4.890508091286143,123.518,2.617903776453446,1.1720653149186553,5.446798905608755,Moderately toxic,3
276,Compound 277,Cc1ccccc1C=O,3.356,1.80752,54.32280944833394,36.566500000000005,120.15099999999998,120.057514876,5.294999636411992,112.08699999999996,2.8517276641799554,1.3154283271435934,6.016742712294044,Slightly toxic,2
277,Compound 278,C=Cc1ccccc1,4.41,2.3296,49.47168431610592,36.533,104.152,104.062600256,4.671208396324301,96.08799999999998,2.607607027581636,1.0352747518073642,5.10367816091954,Moderately toxic,3
278,Compound 279,Nc1ccc(Cl)cc1,3.609,1.9222,53.07456004339136,35.86440000000002,127.574,127.018876872,5.020644764975811,121.52599999999998,2.6769890491545723,1.12198140886552,5.446798905608755,Slightly toxic,2
279,Compound 280,CCCCCCCO,3.527,1.9491,51.723137466405205,35.84479999999999,116.204,116.120115132,5.689854282619242,100.07599999999998,3.523334547203385,1.2616672736016925,7.96,Slightly toxic,2
280,Compound 281,C#C[C@@](C)(O)C(C)C,2.738,1.0266,50.72236285826448,34.294799999999995,112.17199999999998,112.088815004,5.601914133879209,100.07599999999998,2.7056576053188564,1.41644491659913,7.519999999999999,Practically non-toxic,1
281,Compound 282,CCC(=O)Nc1ccc(Cl)c(Cl)c1,4.405,3.3419000000000016,86.84414620010195,55.38270000000002,218.083,217.006119268,8.615192717274653,209.011,4.63671160775202,2.26350155364093,10.351499592502035,Moderately toxic,3
282,Compound 283,CN1CCC[C@@H]1c1cccnc1.CN1CCC[C@@H]1c1cccnc1.O=S(=O)(O)O,4.486,3.043800000000001,172.72875541012152,111.86140000000007,422.5510000000001,422.1987764399999,17.74066640433461,392.3110000000001,11.05340189835683,5.179258871879419,23.36972946135983,Moderately toxic,3
283,Compound 284,Nc1ccc(Br)cc1,3.559,2.0313,56.63884142215104,38.55440000000001,172.025,170.968361292,5.850712358072061,165.97699999999998,3.0920228457026973,1.39867060656427,5.633333333333334,Slightly toxic,2
284,Compound 285,Oc1c(Cl)cc(Cl)cc1Cl,4.606,3.3524000000000003,73.13543555233801,43.13680000000001,197.448,195.924947756,7.003594390962254,194.424,3.579147464670753,1.7761145480185123,7.991112234580385,Moderately toxic,3
285,Compound 286,C=C(C)C(=C)C,4.075,2.1386000000000003,39.18475553544408,29.627999999999982,82.146,82.07825032,4.414213562373095,72.06599999999999,1.9571067811865477,0.7285533905932737,5.48,Moderately toxic,3
286,Compound 287,c1ccoc1,3.048,1.2796,30.2257323835738,18.707999999999995,68.075,68.026214748,2.717649367222366,64.04299999999999,1.471404520791032,0.4253807916384657,2.5136448598130845,Slightly toxic,2
287,Compound 288,c1ccc(Nc2ccccc2)cc1,4.65,3.430200000000002,78.03835950916904,56.16670000000003,169.227,169.089149352,7.27350269189626,158.13899999999995,4.321367205045919,1.836253271292093,7.866895638429664,Moderately toxic,3
288,Compound 289,CC(=O)c1cccn1C,2.895,1.2277,54.10688347034018,35.4175,123.15499999999996,123.068413908,5.587512693532698,114.08299999999998,2.8384852294905096,1.304465314946022,6.075786163522013,Practically non-toxic,1
289,Compound 290,CCCCN,2.437,0.7452000000000001,33.17396806803209,23.96239999999999,73.139,73.08914935199999,3.698670612749268,62.05099999999999,2.11535507165041,0.5576775358252052,4.960000000000001,Practically non-toxic,1
290,Compound 291,Oc1c(Cl)cc(Cl)c(Cl)c1Cl,5.352,4.0058,83.43870177921967,48.14680000000001,231.893,229.885975404,8.06013754080031,229.877,4.068743904994968,2.63020361566808,9.269445438282649,Highly toxic,4
291,Compound 292,c1cc[nH]c1,2.504,1.0147,30.640563540511263,20.7927,67.091,67.04219916,2.809401076758504,62.051,1.577350269189626,0.4960112905708618,2.5136448598130845,Practically non-toxic,1
292,Compound 293,CC(C)c1cccc(C(C)C)c1N,4.064,3.5156000000000027,80.96094650288931,59.03240000000004,177.29099999999997,177.151749608,8.964101615137755,158.13899999999995,4.919443416399235,2.4175922499108564,10.103194675540763,Moderately toxic,3
293,Compound 294,C#CC[C@H](C)O,3.38,0.3905,37.99247862947127,25.13079999999999,84.118,84.057514876,3.809020915065757,76.05399999999999,1.8860259745887369,0.4132623683472171,5.52,Slightly toxic,2
294,Compound 295,CCc1cccc(CC)c1N(COC)C(=O)CCl,4.733,2.9871000000000016,113.68910726130552,75.28000000000004,269.77199999999993,269.11825656,11.958081527770435,249.61199999999997,6.685163327553886,3.1370657783077145,14.999031877213696,Moderately toxic,3
295,Compound 296,CCCCCCCCCCCN,5.912,3.475900000000001,77.72856286880837,56.28140000000004,171.32799999999995,171.1986998,8.648418081055103,146.128,5.61535507165041,2.307677535825205,11.96,Highly toxic,4
296,Compound 297,COCCN,2.156,-0.4084999999999998,31.922571183142363,20.9304,75.11099999999999,75.068413908,3.399812122026584,66.039,1.6051717155225391,0.3219752754296894,4.920000000000001,Practically non-toxic,1
297,Compound 298,Brc1nc(Br)c(Br)[nH]1,4.697,2.6972,71.46285433838185,41.68769999999999,304.76699999999994,301.76898433200006,8.339096631871751,303.759,4.143155113685855,2.6456104408224275,6.765606936416185,Moderately toxic,3
298,Compound 299,Fc1ccc(Oc2ccc(F)cc2)cc1,5.261,3.757100000000002,85.93311336092034,52.87400000000002,206.191,206.054321316,7.782979389999325,198.12699999999995,4.428947173564927,1.8629777949637445,9.647256174236707,Highly toxic,4
299,Compound 300,BrC(Br)c1ccccc1C(Br)Br,5.985,5.263400000000002,105.6314777708556,67.63200000000002,421.752,417.720298592,12.31994566363348,415.704,6.940274214489978,3.4392120510144983,11.216103500761037,Highly toxic,4
300,Compound 301,CC(Cl)(Cl)Cl,3.45,2.3765,46.01399182287118,25.963999999999995,133.405,131.930033136,4.901680257083045,130.381,2.2008401285415222,0.0,5.87,Slightly toxic,2
301,Compound 302,Cc1ccc(Cl)c(Cl)c1,4.743,3.301820000000001,64.40287768765691,41.19900000000001,161.031,159.984655552,6.499837645624241,154.983,3.371927290740267,1.8141324567752155,6.913636363636365,Moderately toxic,3
302,Compound 303,Clc1cccc(Cl)c1C(Cl)Cl,5.375,4.469600000000001,85.00941014142026,50.90900000000001,229.921,227.906710848,8.34497475286923,225.889,4.475892830894741,2.313539324188729,9.46787346221441,Highly toxic,4
303,Compound 304,CCc1ccccc1,4.005,2.249000000000001,50.16128734829018,35.82,106.168,106.07825032,5.093858127134676,96.08799999999998,2.9713437743027806,1.251072952541352,5.358504155124653,Moderately toxic,3
304,Compound 305,CCC(C)=O,1.35,0.9854,31.99559947106314,20.971999999999998,72.107,72.057514876,3.6153550716504106,64.04299999999999,1.7647843170117528,0.4978909578906801,4.67,Practically non-toxic,1
305,Compound 306,Oc1ccc(Cl)cc1Cl,4.323,2.6990000000000007,62.832169325456334,38.12680000000001,163.003,161.963920108,5.947051241124199,158.97099999999998,3.0955340884902456,1.4475581112786315,6.716279069767443,Moderately toxic,3
306,Compound 307,Nc1ccccc1C(=O)c1ccc(Cl)cc1,5.039,3.153200000000002,98.65811846389576,65.73890000000002,231.682,231.04509162,9.23829413219818,221.60199999999995,5.20846346357613,2.563802548023037,10.709002770083105,Highly toxic,4
307,Compound 308,CC(=O)OC(C)(C)C,2.551,1.348,49.83902892936323,31.518999999999984,116.15999999999998,116.083729624,5.816496580927726,104.06399999999998,2.6123724356957947,0.4499149571305297,7.470000000000001,Practically non-toxic,1
308,Compound 309,CN(C)c1ccc(/C=C/C=O)cc1,4.473,1.9647,78.48786642954289,55.86700000000003,175.231,175.099714036,7.896913770291203,162.12699999999998,4.130445255452809,1.7767284685772524,9.517489063867016,Moderately toxic,3
309,Compound 310,O=Cc1cccc(C(F)(F)F)c1,5.275,2.517900000000001,66.81941565711266,36.83150000000001,174.12099999999998,174.02924944,5.928893055439673,169.08099999999996,3.162691309550088,1.3500369401486685,8.773632958801498,Highly toxic,4
310,Compound 311,O=[N+]([O-])c1ccc(O)cc1C(F)(F)F,4.355,2.3192000000000004,75.74016091736809,39.763200000000005,207.107,207.014327648,6.5768679985242,203.075,3.3673425483964947,1.482233515267371,10.29190008190008,Moderately toxic,3
311,Compound 312,O=[N+]([O-])c1ccccc1Cl,3.73,2.2482000000000006,62.38764506887844,38.106400000000015,157.55599999999998,156.993056048,5.707004672213869,153.52399999999997,2.983052148123557,1.368761663175129,7.022233445566778,Slightly toxic,2
312,Compound 313,Oc1ccc(/N=N/c2ccccc2)cc1,5.229,3.8076000000000025,87.7295089222461,58.72480000000003,198.22500000000005,198.07931294,8.037793209206507,188.145,4.602871200818815,1.8868429509841989,9.3971519262254,Highly toxic,4
314,Compound 315,Cc1ccc(C)o1,3.131,1.89644,42.95561661236701,28.181999999999988,96.129,96.057514876,4.562948828843115,88.06499999999998,2.3189318929868223,0.8747247055843108,4.439235668789809,Slightly toxic,2
315,Compound 316,O=Cc1c(F)c(F)c(F)c(F)c1F,5.251,2.1946000000000003,68.78554434856851,31.6195,196.074,195.994755752,5.8754209246996245,195.066,2.969288577513397,1.3616103767318375,9.626655112651646,Highly toxic,4
316,Compound 317,O=[N+]([O-])c1cccc([N+](=O)[O-])c1O,3.2994,1.2086000000000003,71.53158831669258,41.41560000000001,184.107,184.012021228,6.206684755924204,180.075,3.145134072446452,1.3868210624554522,8.912421441774493,Slightly toxic,2
317,Compound 318,CCCCCCN,3.253,1.5254000000000003,45.903852296825306,33.19639999999999,101.193,101.12044948,5.112884175122363,86.07299999999998,3.11535507165041,1.057677535825205,6.96,Slightly toxic,2
318,Compound 319,CCOCCOC(C)=O,3.496,0.586,54.9525741588701,33.12599999999999,132.159,132.078644244,5.846065214951231,120.06299999999996,2.9813804754348494,0.7371202508749224,8.43,Slightly toxic,2
319,Compound 320,OC(c1ccc(Cl)cc1)(c1ccc(Cl)cc1)C(Cl)(Cl)Cl,5.788,5.599500000000002,141.52894644095858,86.1928,370.49,367.909603308,13.735482844155378,361.4179999999999,7.451074755411022,4.258684609440004,16.224491773487685,Highly toxic,4
320,Compound 321,CCCCCC[C@@H](C)N,4.403,2.3040000000000003,58.63373652561852,42.408400000000015,129.247,129.151749608,6.690234444311988,110.09499999999996,4.026038674173369,1.513019337086685,8.960000000000003,Moderately toxic,3
321,Compound 322,O=S(Cc1ccccc1)Cc1ccccc1,3.459,3.1355000000000013,98.59263575793015,68.43440000000004,230.332,230.076536068,9.820709416124808,216.21999999999997,6.760524793801342,3.651575150444045,11.086691807094972,Slightly toxic,2
322,Compound 323,Oc1c(Cl)cc(Cl)c(Cl)c1Cc1c(O)c(Cl)cc(Cl)c1Cl,7.287,6.609000000000002,150.26150430563968,89.07960000000001,406.907,403.849895512,14.559595024731808,400.859,7.710701172148804,5.063169629610222,17.1388771933375,Extremely toxic,5
323,Compound 324,CC(=O)/C=C/C1=C(C)CCCC1(C)C,4.577,3.6582000000000026,86.89504128273487,60.15300000000004,192.302,192.15141526,9.684269172402756,172.14199999999997,5.321914528941439,3.027174981424705,11.226045627376426,Moderately toxic,3
324,Compound 325,COc1cc(C=O)ccc1O,3.259,1.2133,64.23058843003683,40.046300000000016,152.14899999999997,152.047344116,6.073111253186188,144.08499999999998,3.098390500148688,1.339861504690229,7.595374077976819,Slightly toxic,2
325,Compound 326,CCCCCCCCO,3.983,2.3392,58.08807958080182,40.4618,130.231,130.135765196,6.39696106380579,112.08699999999996,4.023334547203385,1.5116672736016925,8.960000000000003,Slightly toxic,2
326,Compound 327,Cc1ccccc1C#N,3.418,1.8667,54.5538670297589,35.894000000000005,117.15099999999995,117.057849224,5.256614672258461,110.09499999999996,2.800957066939605,1.2655189736613814,5.839701686121919,Slightly toxic,2
327,Compound 328,Oc1cc(Cl)c(Cl)c(Cl)c1Cl,5.752,4.0058,83.43870177921967,48.146800000000006,231.893,229.885975404,8.06013754080031,229.877,4.068743904994968,2.824859048887374,9.269445438282649,Highly toxic,4
328,Compound 329,OCCN(CCO)c1ccccc1,2.392,0.4775999999999998,78.23947275167879,52.82660000000004,181.235,181.11027872,7.556819257194194,166.11499999999998,4.39920146434029,1.861176535618887,10.023752093802344,Practically non-toxic,1
329,Compound 330,Oc1c(Br)c(Br)c(Br)c(Br)c1Br,6.72,5.204700000000001,111.56337489989976,66.60679999999999,488.593,483.5944251520001,13.267018656119614,487.585,6.633509328059807,7.238052553999601,11.49451564828614,Extremely toxic,5
330,Compound 331,CC(C)c1ccc(C=O)cc1,4.35,2.6225000000000005,67.05269367712717,45.91850000000002,148.20499999999998,148.088815004,6.872349905601618,136.10899999999998,3.789120273010312,1.7392164557407894,7.991112234580385,Moderately toxic,3
331,Compound 332,NC(=O)c1ccc(Cl)cc1Cl,3.298,2.0923,73.90429048471339,44.97990000000001,190.029,188.97481914,6.98543620527773,184.989,3.614726570567011,1.744397164131966,8.36737098344693,Slightly toxic,2
332,Compound 333,CC(C)(O)C(Cl)(Cl)Cl,3.119,2.127500000000001,63.53810980386041,36.58780000000001,177.458,175.956247884,6.848893852583003,170.40200000000002,3.1744469262915014,2.081159543169355,8.830000000000002,Slightly toxic,2
333,Compound 334,CCNCCO,1.78,-0.4118000000000001,38.17817330682343,25.62949999999999,89.138,89.084063972,4.0685339390596,78.05,2.230441328389933,0.5385800941716262,5.92,Practically non-toxic,1
334,Compound 335,c1ccc(Oc2ccccc2)cc1,4.629,3.478900000000002,77.60204255506788,52.95800000000003,170.211,170.07316494,7.181750982360123,160.13099999999997,4.229615495509782,1.722112590735371,7.866895638429664,Moderately toxic,3
335,Compound 336,CC(C)(C)SC(C)(C)C,3.701,3.316600000000002,63.41695585397104,47.09700000000002,146.29899999999998,146.112921576,8.22474487139159,128.15499999999997,4.224744871391589,1.837117307087384,9.35,Slightly toxic,2
336,Compound 337,O=Cc1ccccc1O,4.726,1.2047,52.75210108613335,33.4943,122.12299999999996,122.036779432,4.742213231911951,116.07499999999996,2.5753344619299336,1.0637215700056877,5.820039011703511,Moderately toxic,3
337,Compound 338,CC(C)(C)CC(C)(C)N,3.721,2.1599000000000004,58.63373652561852,42.338400000000014,129.247,129.151749608,7.284457050376173,110.09499999999996,3.49578191578136,0.98594554909915,8.960000000000003,Slightly toxic,2
338,Compound 339,O=C(Oc1ccccc1)c1ccccc1O,5.259,2.6114000000000006,92.92274052170428,59.50730000000003,214.22,214.06299418,8.459862599134318,204.14,4.824013105158359,2.07771754010336,10.235362076049029,Highly toxic,4
339,Compound 340,Nc1ccc(F)cc1,3.818,1.4079000000000002,46.93682921943591,30.8124,111.119,111.048427412,4.264715818957356,105.07099999999998,2.299024576145345,0.8700050935260352,5.09388489208633,Slightly toxic,2
340,Compound 341,O=c1cc(-c2ccccc2)oc2ccccc12,4.803,3.4600000000000017,98.13650078134904,67.92000000000002,222.243,222.06807956,9.089999272823986,212.16299999999995,5.427756576598006,2.6929287848847125,9.846331466601738,Moderately toxic,3
341,Compound 342,CCOc1ccc(N)c([N+](=O)[O-])c1,3.846,1.5757,75.26769899730957,48.67780000000002,182.179,182.06914218,7.188466324836599,172.099,3.81537023674078,1.5096022364190191,9.309126559714796,Slightly toxic,2
342,Compound 343,O=Cc1ccc(Cl)cc1Cl,4.988,2.805900000000001,68.5643997877007,41.84950000000001,175.01399999999998,173.963920108,6.48543620527773,170.982,3.396304685730596,1.6518883941006923,7.575596620908129,Moderately toxic,3
343,Compound 344,CCCCOC(=O)CCCCC(=O)OCCCC,4.851,3.2334000000000023,110.03363317408676,70.20200000000006,258.3579999999999,258.183109312,11.70406097372093,232.14999999999995,7.015167193676994,2.533683017500118,16.940000000000005,Moderately toxic,3
344,Compound 345,Oc1ccccc1-c1ccccc1,4.442,3.059200000000001,77.28273107775702,53.54280000000003,170.21099999999998,170.07316494,7.143366018206592,160.13099999999997,4.2116406694625645,1.9888436412600143,7.866895638429664,Moderately toxic,3
345,Compound 346,O=C(/C=C/C=C/c1ccc2c(c1)OCO2)N1CCCCC1,4.561,2.997200000000002,124.2033442356936,81.17000000000004,285.343,285.136493468,11.956051038338217,266.1909999999999,7.361169175571287,3.702949879971481,13.739348359697155,Moderately toxic,3
346,Compound 347,COc1ccccc1C(N)=O,3.1,0.7941,64.77624537485353,41.51190000000001,151.16499999999996,151.063328528,6.203247926875855,142.093,3.182521984712165,1.3724332221764843,7.595374077976819,Slightly toxic,2
347,Compound 348,Cc1ccc(O)cc1,3.815,1.70062,48.59057898608959,32.843799999999995,108.14,108.057514876,4.756614672258461,100.07599999999998,2.5449740027958976,1.0339713779597368,5.162450142450142,Slightly toxic,2
348,Compound 349,CCN(CCO)c1cccc(C)c1,3.53,1.81362,79.8101811138794,56.15180000000005,179.26299999999995,179.131014164,8.325148611318061,162.12699999999998,4.70076408203296,2.1184427360891918,10.06347245409015,Slightly toxic,2
349,Compound 350,CC(C)SSC(C)C,4.257,3.184600000000001,60.21014373689272,45.45400000000002,150.31199999999998,150.053692448,7.604190281162429,136.2,5.223614639131599,3.9641016151377535,8.699999999999998,Moderately toxic,3
350,Compound 351,CCCCCCCCCCCC(C)=O,5.742,4.496300000000004,89.28007850063263,62.525000000000055,198.35,198.198365452,9.97931610232934,172.14199999999997,6.2647843170117525,2.632392158505876,13.670000000000002,Highly toxic,4
351,Compound 352,O=Cc1c(F)cccc1Cl,4.227,2.2916,62.42666896374525,36.797500000000014,158.55899999999997,157.993470648,5.729507259259274,154.527,3.024323276865076,1.4471485626384644,7.219769484083424,Moderately toxic,3
352,Compound 353,COC(=O)c1ccc(O)cc1O,3.565,0.8843999999999999,69.02482218223285,41.11110000000002,168.148,168.042258736,6.4429745794965205,160.08399999999995,3.25174404814027,1.3866243535898926,8.38718172983479,Slightly toxic,2
353,Compound 354,CCCCOCCCC,3.606,2.603200000000001,58.40739105811268,40.635000000000005,130.231,130.135765196,6.650888977583149,112.08699999999996,3.9915638315627207,1.284457050376173,8.960000000000003,Slightly toxic,2
354,Compound 355,CCCCCC,4.538,2.5866000000000007,40.563961599812586,29.81599999999998,86.178,86.109550448,4.82842712474619,72.06599999999999,2.914213562373095,0.9571067811865472,6.0,Moderately toxic,3
355,Compound 356,CC(C)OC(C)C,2.114,1.8198,45.67750682931947,31.356999999999974,102.17699999999998,102.104465068,5.562948828843115,88.06499999999998,2.7808055975495347,0.5443310539518176,6.96,Practically non-toxic,1
356,Compound 357,O=[N+]([O-])c1cccc([N+](=O)[O-])c1O,3.666,1.2086000000000003,71.53158831669258,41.41560000000001,184.107,184.012021228,6.206684755924204,180.075,3.145134072446452,1.3868210624554522,8.912421441774493,Slightly toxic,2
357,Compound 358,CCCCC=O,3.824,1.3755,38.36054158545974,25.588999999999988,86.134,86.07316494,4.106918903213131,76.05399999999999,2.3510573320459263,0.6755286660229631,5.670000000000001,Slightly toxic,2
358,Compound 359,C=C(C)C(=O)OCCO,2.759,0.098,53.943659649374986,32.85879999999999,130.14299999999997,130.06299418,5.385030519987327,120.06299999999996,2.616704581668788,0.6729052268104136,8.17,Practically non-toxic,1
359,Compound 360,COc1ccc(C(C)=O)c(OC)c1OC,3.024,1.915,88.75827148004441,56.10250000000004,210.229,210.089208928,9.287693700234705,196.117,4.451925054842274,2.083476553119595,11.365244544770505,Slightly toxic,2
360,Compound 361,CC[C@@H](C)O,1.305,0.7772,32.62831112321538,21.971799999999995,74.12299999999999,74.07316494,3.731670645876132,64.04299999999999,1.9509042305871973,0.5908224762989184,4.960000000000001,Practically non-toxic,1
361,Compound 362,CCc1ccccn1,2.413,1.644,49.38093532923668,33.614999999999995,107.156,107.073499288,4.963721453445009,98.08399999999996,2.831140993871774,1.088385501664051,5.28986013986014,Practically non-toxic,1
362,Compound 363,CCOP(=S)(OCC)Oc1cc(C)nc(C(C)C)n1,4.513,3.5847200000000026,119.51079978829644,79.02300000000004,304.35200000000003,304.10105016200004,13.754471821035317,283.184,8.897176454989259,4.559747055693301,16.50420054200542,Moderately toxic,3
363,Compound 364,CCCCCCCC(C)=O,3.971,2.935900000000001,63.82031004304618,44.057000000000016,142.24200000000002,142.135765196,7.150888977583149,124.09799999999996,4.2647843170117525,1.6323921585058765,9.67,Slightly toxic,2
364,Compound 365,CC(=O)c1ccccc1,2.87,1.8892,54.32280944833394,36.44650000000001,120.15099999999995,120.057514876,5.294999636411992,112.08699999999996,2.864807747754891,1.1803153331412106,6.016742712294044,Practically non-toxic,1
365,Compound 366,Clc1nc(Cl)c(Cl)c(Cl)c1Cl,5.728,4.348599999999999,88.16738223485183,49.287000000000006,251.327,248.8473374,8.616680690638367,251.327,4.281947143069162,2.9918337005721365,9.686206896551724,Highly toxic,4
366,Compound 367,C=C(C)[C@H]1Cc2c(ccc3c2O[C@@H]2COc4cc(OC)c(OC)cc4[C@@H]2C3=O)O1,7.88,3.703300000000002,168.5250123387299,105.90450000000006,394.4230000000002,394.141638424,16.612261970670204,372.2470000000002,9.589667347839418,5.868992035867299,17.915323827400545,Extremely toxic,5
367,Compound 368,Oc1c(O)c(Cl)c(Cl)c(Cl)c1Cl,5.29,3.7114,88.23293553141569,49.81160000000001,247.892,245.880890024,8.430000867110643,245.876,4.215000433555321,3.000332207481931,10.06347245409015,Highly toxic,4
368,Compound 369,Brc1ccccc1Br,4.764,3.2116000000000007,65.16649833077967,41.84200000000001,235.906,233.867974328,7.237323101006366,231.874,3.791311281313557,2.7394472953485187,6.302249388753057,Moderately toxic,3
369,Compound 370,OC(C(F)(F)F)C(F)(F)F,2.839,1.4718999999999995,51.25658142637619,18.1168,168.03599999999997,168.000984004,4.292350702744947,166.01999999999998,1.9694425779644689,0.6200968572385485,9.54,Practically non-toxic,1
370,Compound 371,ClCC(Cl)CCl,3.408,2.0714,52.37893393726779,31.080999999999992,147.43200000000002,145.9456832,5.393244088645766,142.392,3.0747177031102497,1.7044349890436248,6.869999999999999,Slightly toxic,2
371,Compound 372,ClCCCCCl,3.391,2.2442,48.44060982478272,30.673999999999992,127.014,126.000305616,5.096213962801553,118.95,3.103567451474546,1.0517837257372729,6.579999999999999,Slightly toxic,2
372,Compound 373,CCOc1cc(C=O)ccc1O,3.278,1.6034,70.59553054443344,44.66330000000002,166.17599999999996,166.06299418,6.780218034372735,156.09599999999998,3.685924125466185,1.419787986155948,8.585328884652048,Slightly toxic,2
373,Compound 374,OCC(F)(F)F,2.924,0.5409999999999999,32.39503310320087,13.1408,100.039,100.013599376,2.788213795714187,97.015,1.2367278661239527,0.179284291400159,5.75,Practically non-toxic,1
374,Compound 375,CC(=O)c1ccncc1,2.858,1.2842,53.54245742928045,34.2415,121.13899999999998,121.052763844,5.164862962722324,114.08299999999998,2.7145388605825462,1.086846812853873,5.947877237851663,Practically non-toxic,1
